Tanggal,Terakhir,Pembukaan,Tertinggi,Terendah
01/02/2013,7500,7600,7700,7450
01/03/2013,7850,7500,7900,7500
01/04/2013,7850,7800,7850,7750
01/07/2013,7750,7850,7850,7700
01/08/2013,7650,7750,7800,7600
01/09/2013,7700,7700,7750,7650
01/10/2013,7350,7650,7700,7300
01/11/2013,7300,7350,7500,7300
01/14/2013,7500,7400,7500,7350
01/15/2013,7600,7500,7600,7500
01/16/2013,7650,7550,7650,7500
01/17/2013,7500,7600,7650,7500
01/18/2013,7750,7600,7750,7550
01/21/2013,7700,7750,7800,7650
01/22/2013,7750,7700,7750,7650
01/23/2013,7800,7750,7800,7700
01/25/2013,7800,7800,7850,7700
01/28/2013,7750,7750,7800,7650
01/29/2013,7700,7750,7800,7650
01/30/2013,7600,7750,7750,7550
01/31/2013,7350,7550,7600,7350
02/01/2013,7450,7400,7550,7400
02/04/2013,7600,7500,7650,7500
02/05/2013,7600,7550,7600,7450
02/06/2013,7550,7650,7700,7550
02/07/2013,7650,7600,7700,7600
02/08/2013,7750,7650,7800,7650
02/11/2013,7700,7750,7800,7700
02/12/2013,7750,7700,7800,7650
02/13/2013,7800,7800,7800,7700
02/14/2013,7750,7800,7800,7700
02/15/2013,7750,7750,7750,7700
02/18/2013,7700,7750,7800,7700
02/19/2013,7700,7650,7750,7600
02/20/2013,7750,7700,7750,7650
02/21/2013,7750,7750,7900,7750
02/22/2013,7800,7750,7850,7700
02/25/2013,7850,7850,7900,7800
02/26/2013,7800,7850,7900,7750
02/27/2013,7900,7900,7950,7850
02/28/2013,7950,7950,8000,7850
03/01/2013,8100,8000,8150,7950
03/04/2013,8050,8100,8150,7950
03/05/2013,8100,8050,8150,8000
03/06/2013,8100,8100,8150,8000
03/07/2013,8200,8150,8200,8100
03/08/2013,8300,8200,8300,8200
03/11/2013,8050,8300,8300,8050
03/13/2013,7950,8000,8050,7850
03/14/2013,7750,7950,8000,7750
03/15/2013,7600,7750,7900,7600
03/18/2013,7700,7650,7750,7650
03/19/2013,7650,7750,7800,7650
03/20/2013,7700,7700,7750,7650
03/21/2013,7600,7650,7700,7550
03/22/2013,7500,7500,7650,7500
03/25/2013,7650,7650,7800,7600
03/26/2013,7750,7700,7850,7600
03/27/2013,7950,7800,7950,7800
03/28/2013,7900,7900,7900,7750
04/01/2013,7850,7850,7950,7800
04/02/2013,7950,7900,7950,7850
04/03/2013,7950,8000,8000,7900
04/04/2013,7700,7950,7950,7700
04/05/2013,7650,7750,7850,7650
04/08/2013,7700,7650,7700,7550
04/09/2013,7700,7650,7700,7550
04/10/2013,7550,7700,7700,7550
04/11/2013,7750,7650,7800,7600
04/12/2013,7650,7700,7800,7650
04/15/2013,7600,7700,7700,7550
04/16/2013,7750,7550,7800,7500
04/17/2013,7650,7700,7800,7650
04/18/2013,7750,7650,7750,7650
04/19/2013,7700,7750,7800,7700
04/22/2013,7800,7750,7800,7700
04/23/2013,7750,7800,7800,7700
04/24/2013,7800,7800,7800,7700
04/25/2013,7350,7650,7700,7300
04/26/2013,7200,7250,7350,7200
04/29/2013,7400,7200,7400,7200
04/30/2013,7350,7400,7400,7150
05/01/2013,7350,7350,7350,7200
05/02/2013,7200,7250,7350,7200
05/03/2013,6900,7150,7200,6900
05/06/2013,7000,6900,7100,6900
05/07/2013,7050,7000,7050,6950
05/08/2013,7100,7100,7200,7050
05/10/2013,7200,7100,7250,7100
05/13/2013,6950,7200,7200,6950
05/14/2013,7050,6950,7050,6950
05/15/2013,7050,7050,7200,7050
05/16/2013,7050,7150,7150,7050
05/17/2013,7050,7050,7150,7000
05/20/2013,7200,7100,7300,7100
05/21/2013,7150,7150,7200,7050
05/22/2013,7150,7150,7250,7150
05/23/2013,7050,7150,7200,7000
05/24/2013,7200,7150,7200,7100
05/27/2013,7000,7150,7200,7000
05/28/2013,7450,7000,7500,7000
05/29/2013,7200,7500,7550,7200
05/30/2013,7050,7150,7250,7050
05/31/2013,7050,7150,7200,7050
06/03/2013,7050,7050,7200,7000
06/04/2013,7150,7050,7150,7050
06/05/2013,7100,7100,7100,7000
06/07/2013,6800,7100,7100,6800
06/10/2013,6850,7000,7050,6850
06/11/2013,6650,6800,6950,6650
06/12/2013,7150,6600,7200,6500
06/13/2013,6900,7000,7050,6800
06/14/2013,7050,6800,7050,6800
06/17/2013,6950,7050,7100,6900
06/18/2013,7000,7000,7100,6950
06/19/2013,6850,7000,7000,6800
06/20/2013,6600,6700,6750,6550
06/21/2013,6350,6500,6500,6200
06/24/2013,6300,6350,6500,6250
06/25/2013,6150,6400,6400,6150
06/26/2013,6500,6350,6650,6300
06/27/2013,6700,6700,6900,6700
06/28/2013,7000,6900,7050,6900
07/01/2013,6850,6900,6950,6850
07/02/2013,6700,6950,6950,6650
07/03/2013,6550,6700,6800,6500
07/04/2013,6550,6600,6700,6550
07/05/2013,6750,6650,6800,6600
07/08/2013,6500,6650,6650,6500
07/09/2013,6500,6600,6700,6500
07/10/2013,6500,6450,6650,6400
07/11/2013,6600,6550,6700,6550
07/12/2013,6600,6550,6650,6500
07/15/2013,6650,6650,6700,6600
07/16/2013,6850,6700,6900,6650
07/17/2013,6750,6850,6950,6600
07/18/2013,6650,6650,6800,6500
07/19/2013,6650,6600,6750,6550
07/22/2013,6550,6700,6700,6550
07/23/2013,6700,6600,6700,6550
07/24/2013,6600,6650,6700,6500
07/25/2013,6600,6650,6700,6550
07/26/2013,6450,6650,6650,6350
07/29/2013,6300,6500,6500,6300
07/30/2013,6450,6400,6500,6300
07/31/2013,6500,6500,6500,6300
08/01/2013,6750,6500,6750,6450
08/02/2013,6700,6700,6800,6600
08/12/2013,6450,6700,6750,6450
08/13/2013,6600,6450,6600,6450
08/14/2013,6750,6600,6750,6550
08/15/2013,6500,6600,6650,6450
08/16/2013,6300,6450,6450,6300
08/19/2013,5950,6200,6250,5900
08/20/2013,5950,6000,6100,5800
08/21/2013,5900,6000,6150,5900
08/22/2013,5900,5850,5950,5800
08/23/2013,5850,6000,6050,5800
08/26/2013,5650,5950,5950,5650
08/27/2013,5300,5750,5750,5300
08/28/2013,5600,5150,5600,5100
08/29/2013,5850,5800,6000,5650
08/30/2013,6050,5900,6150,5900
09/02/2013,5900,6100,6100,5750
09/03/2013,5900,5900,5950,5800
09/04/2013,5700,5800,5850,5650
09/05/2013,5550,5700,5750,5500
09/06/2013,5700,5600,5700,5400
09/09/2013,5850,5800,5850,5750
09/10/2013,6350,5900,6400,5900
09/11/2013,6200,6400,6400,6050
09/12/2013,6150,6100,6250,5900
09/13/2013,6200,6050,6250,6050
09/16/2013,6900,6400,6900,6300
09/17/2013,6750,6800,6850,6550
09/18/2013,6750,6650,6800,6600
09/19/2013,7100,7000,7500,7000
09/20/2013,6900,7100,7100,6800
09/23/2013,6850,6800,6850,6700
09/24/2013,6400,6800,6850,6400
09/25/2013,6300,6400,6550,6200
09/26/2013,6400,6350,6550,6350
09/27/2013,6500,6350,6600,6350
09/30/2013,6450,6400,6450,6250
10/01/2013,6350,6350,6500,6300
10/02/2013,6350,6450,6550,6350
10/03/2013,6450,6350,6500,6350
10/04/2013,6400,6450,6450,6300
10/07/2013,6350,6350,6450,6350
10/08/2013,6500,6350,6600,6350
10/09/2013,6550,6500,6600,6450
10/10/2013,6800,6650,6850,6600
10/11/2013,6900,7000,7000,6850
10/16/2013,7000,7000,7050,6900
10/17/2013,6850,7150,7250,6750
10/18/2013,6900,6850,6900,6700
10/21/2013,6900,6900,6900,6750
10/22/2013,6650,6750,6850,6600
10/23/2013,6700,6650,6800,6650
10/24/2013,6950,6650,6950,6650
10/25/2013,6950,6900,7000,6800
10/28/2013,6800,7000,7000,6800
10/29/2013,6800,6850,6850,6700
10/30/2013,6900,6750,6900,6700
10/31/2013,6650,6750,6850,6650
11/01/2013,6500,6650,6750,6500
11/04/2013,6450,6500,6600,6400
11/06/2013,6550,6450,6600,6450
11/07/2013,6700,6550,6750,6550
11/08/2013,6700,6700,6750,6600
11/11/2013,6750,6650,6800,6600
11/12/2013,6600,6800,6800,6550
11/13/2013,6350,6550,6600,6350
11/14/2013,6450,6400,6500,6400
11/15/2013,6300,6450,6550,6300
11/18/2013,6650,6450,6650,6400
11/19/2013,6750,6650,6800,6650
11/20/2013,6550,6800,6850,6550
11/21/2013,6700,6500,6750,6500
11/22/2013,6600,6750,6800,6600
11/25/2013,6550,6550,6650,6500
11/26/2013,6300,6500,6550,6300
11/27/2013,6300,6400,6400,6250
11/28/2013,6300,6300,6350,6200
11/29/2013,6250,6200,6300,6150
12/02/2013,6400,6300,6450,6250
12/03/2013,6350,6400,6450,6300
12/04/2013,6250,6300,6400,6250
12/05/2013,6150,6200,6200,6050
12/06/2013,6150,6100,6150,6050
12/09/2013,6300,6200,6400,6150
12/10/2013,6550,6350,6550,6300
12/11/2013,6450,6550,6550,6400
12/12/2013,6300,6400,6400,6300
12/13/2013,6100,6300,6350,6100
12/16/2013,6100,6050,6150,6050
12/17/2013,6200,6200,6350,6200
12/18/2013,6250,6200,6350,6200
12/19/2013,6500,6350,6500,6300
12/20/2013,6400,6500,6500,6400
12/23/2013,6450,6400,6500,6300
12/24/2013,6600,6500,6600,6450
12/27/2013,6600,6600,6650,6600
12/30/2013,6800,6700,6850,6650
01/01/2014,6800,6700,6850,6650
01/02/2014,6950,6850,6950,6800
01/03/2014,6750,6950,6950,6700
01/06/2014,6850,6800,6950,6750
01/07/2014,6825,6900,7000,6825
01/08/2014,6800,6850,6900,6650
01/09/2014,6775,6825,6875,6700
01/10/2014,6750,6725,6825,6675
01/13/2014,7000,6850,7025,6800
01/15/2014,7300,7025,7400,7025
01/16/2014,7300,7325,7350,7200
01/17/2014,6925,7200,7200,6875
01/20/2014,6825,6875,6950,6825
01/21/2014,6750,6900,6900,6750
01/22/2014,6800,6750,6825,6700
01/23/2014,6800,6850,6875,6750
01/24/2014,6525,6700,6750,6525
01/27/2014,6400,6400,6450,6250
01/28/2014,6375,6400,6500,6350
01/29/2014,6425,6425,6525,6400
01/30/2014,6425,6350,6425,6275
02/03/2014,6350,6400,6400,6350
02/04/2014,6250,6250,6325,6225
02/05/2014,6375,6300,6375,6275
02/06/2014,6400,6375,6425,6350
02/07/2014,6525,6450,6600,6425
02/10/2014,6500,6575,6600,6475
02/11/2014,6575,6500,6600,6500
02/12/2014,6650,6625,6650,6575
02/13/2014,6650,6575,6700,6575
02/14/2014,6700,6675,6750,6650
02/17/2014,6825,6750,6900,6725
02/18/2014,6800,6775,6825,6700
02/19/2014,6950,6750,6950,6750
02/20/2014,6900,6875,6950,6825
02/21/2014,6975,6950,6975,6875
02/24/2014,6775,6975,7000,6750
02/25/2014,6700,6800,6800,6625
02/26/2014,6550,6625,6675,6525
02/27/2014,6700,6550,6750,6500
02/28/2014,6950,6775,6950,6775
03/03/2014,6800,6850,6900,6775
03/04/2014,6825,6850,6850,6725
03/05/2014,7025,6875,7025,6825
03/06/2014,7025,7050,7100,7000
03/07/2014,7000,7100,7100,6975
03/10/2014,7275,6950,7300,6950
03/11/2014,7250,7250,7275,7175
03/12/2014,7225,7200,7250,7175
03/13/2014,7275,7275,7300,7175
03/14/2014,7800,7200,7800,7150
03/17/2014,7925,7800,7975,7700
03/18/2014,7700,7900,8000,7575
03/19/2014,7875,7750,8000,7750
03/20/2014,7550,7850,7850,7550
03/21/2014,7350,7600,7725,7325
03/24/2014,7275,7400,7450,7250
03/25/2014,7250,7200,7275,7150
03/26/2014,7300,7350,7375,7300
03/27/2014,7250,7225,7375,7200
03/28/2014,7375,7275,7400,7275
04/01/2014,7675,7500,7700,7475
04/02/2014,7725,7700,7775,7650
04/03/2014,7800,7800,7850,7750
04/04/2014,7800,7850,7875,7675
04/07/2014,8000,7800,8000,7800
04/08/2014,8025,8000,8050,7950
04/10/2014,7525,7700,7700,7350
04/11/2014,7675,7525,7750,7450
04/14/2014,7700,7725,7825,7625
04/15/2014,7725,7775,7800,7675
04/16/2014,7750,7750,7800,7725
04/17/2014,7825,7850,7875,7750
04/21/2014,7900,7950,7975,7875
04/22/2014,7850,7900,7900,7725
04/23/2014,7900,7900,7925,7850
04/24/2014,7950,7975,7975,7850
04/25/2014,7875,7950,7975,7850
04/28/2014,7600,7750,7850,7600
04/29/2014,7475,7550,7575,7400
04/30/2014,7425,7475,7475,7350
05/02/2014,7425,7400,7500,7400
05/05/2014,7425,7450,7500,7400
05/06/2014,7400,7450,7500,7400
05/07/2014,7500,7400,7550,7400
05/08/2014,7475,7550,7575,7475
05/09/2014,7475,7525,7525,7450
05/12/2014,7500,7525,7550,7475
05/13/2014,7425,7575,7575,7400
05/14/2014,7575,7500,7600,7425
05/16/2014,7675,7550,7675,7550
05/19/2014,7700,7725,7800,7600
05/20/2014,7500,7750,7750,7450
05/21/2014,7500,7500,7575,7450
05/22/2014,7600,7550,7625,7500
05/23/2014,7500,7525,7550,7450
05/26/2014,7450,7525,7525,7400
05/28/2014,7450,7425,7450,7400
05/30/2014,7075,7500,7500,7075
06/02/2014,7225,7175,7275,7125
06/03/2014,7225,7275,7275,7175
06/04/2014,7175,7225,7325,7175
06/05/2014,7150,7175,7225,7075
06/06/2014,7200,7175,7250,7150
06/09/2014,7225,7250,7275,7175
06/10/2014,7400,7250,7400,7225
06/11/2014,7525,7425,7525,7375
06/12/2014,7450,7500,7525,7400
06/13/2014,7400,7425,7450,7375
06/16/2014,7250,7475,7475,7250
06/17/2014,7225,7250,7275,7150
06/18/2014,7175,7175,7200,7150
06/19/2014,7150,7200,7225,7125
06/20/2014,7150,7200,7225,7150
06/23/2014,7225,7200,7275,7200
06/24/2014,7275,7250,7300,7225
06/25/2014,7200,7275,7275,7200
06/26/2014,7225,7200,7225,7175
06/27/2014,7350,7250,7350,7225
06/30/2014,7275,7375,7500,7275
07/01/2014,7350,7350,7400,7325
07/02/2014,7450,7400,7450,7350
07/03/2014,7350,7450,7475,7350
07/04/2014,7350,7375,7425,7325
07/07/2014,7500,7425,7525,7375
07/08/2014,7650,7575,7750,7550
07/09/2014,7650,7575,7750,7550
07/10/2014,7825,7800,8050,7775
07/11/2014,7550,7750,7750,7500
07/14/2014,7500,7475,7600,7450
07/15/2014,7600,7575,7625,7525
07/16/2014,7600,7650,7775,7600
07/17/2014,7600,7700,7700,7525
07/18/2014,7650,7600,7700,7575
07/21/2014,7725,7725,7775,7675
07/22/2014,7725,7750,7900,7575
07/23/2014,7700,7800,7825,7675
07/24/2014,7675,7775,7775,7600
07/25/2014,7725,7725,7725,7550
08/04/2014,7900,7700,7900,7550
08/05/2014,7800,8000,8000,7750
08/06/2014,7625,7750,7750,7600
08/07/2014,7675,7725,7725,7575
08/08/2014,7550,7650,7650,7550
08/11/2014,7650,7675,7700,7650
08/12/2014,7650,7700,7725,7650
08/13/2014,7725,7700,7725,7650
08/14/2014,7725,7750,7750,7625
08/15/2014,7650,7725,7750,7600
08/18/2014,7675,7675,7675,7575
08/19/2014,7675,7700,7725,7650
08/20/2014,7725,7625,7725,7625
08/21/2014,7775,7700,7775,7650
08/22/2014,7725,7750,7750,7650
08/25/2014,7625,7675,7725,7625
08/26/2014,7600,7675,7675,7600
08/27/2014,7600,7575,7675,7575
08/28/2014,7675,7625,7725,7625
08/29/2014,7575,7600,7675,7550
09/01/2014,7625,7575,7675,7575
09/02/2014,7725,7675,7725,7650
09/03/2014,7675,7750,7750,7650
09/04/2014,7550,7700,7700,7500
09/05/2014,7650,7600,7650,7525
09/08/2014,7575,7650,7675,7525
09/09/2014,7500,7625,7650,7500
09/10/2014,7325,7500,7500,7300
09/11/2014,7250,7375,7400,7250
09/12/2014,7225,7300,7350,7225
09/15/2014,7300,7225,7325,7200
09/16/2014,7250,7325,7350,7225
09/17/2014,7275,7300,7325,7250
09/18/2014,7375,7325,7375,7275
09/19/2014,7350,7400,7400,7275
09/22/2014,7350,7300,7375,7250
09/23/2014,7250,7275,7300,7250
09/24/2014,7200,7250,7300,7200
09/25/2014,7175,7225,7250,7125
09/26/2014,7000,7000,7050,6950
09/29/2014,7050,7000,7075,6975
09/30/2014,7050,7050,7100,7000
10/01/2014,7000,7000,7075,7000
10/02/2014,6600,6975,6975,6600
10/03/2014,6600,6700,6700,6450
10/06/2014,6725,6600,6750,6600
10/07/2014,6800,6725,6825,6700
10/08/2014,6700,6600,6750,6600
10/09/2014,6725,6800,6825,6725
10/10/2014,6500,6600,6600,6500
10/13/2014,6350,6450,6500,6350
10/14/2014,6400,6350,6450,6325
10/15/2014,6400,6475,6500,6400
10/16/2014,6350,6350,6450,6325
10/17/2014,6550,6425,6600,6350
10/20/2014,6600,6650,6725,6600
10/21/2014,6500,6675,6675,6475
10/22/2014,6550,6575,6600,6500
10/23/2014,6700,6550,6700,6500
10/24/2014,6600,6625,6675,6575
10/27/2014,6525,6650,6650,6475
10/28/2014,6650,6575,6650,6525
10/29/2014,6875,6700,6900,6675
10/30/2014,6900,6950,6950,6775
10/31/2014,6775,6925,6925,6725
11/03/2014,6875,6775,6875,6700
11/04/2014,6775,6900,7000,6775
11/05/2014,6950,6850,6950,6800
11/06/2014,6950,6900,7000,6900
11/07/2014,6950,6950,7000,6925
11/10/2014,6725,6925,6950,6725
11/11/2014,6875,6725,7000,6725
11/12/2014,7100,6975,7150,6950
11/13/2014,7100,7100,7125,7050
11/14/2014,7175,7100,7200,7050
11/17/2014,7125,7075,7200,7075
11/18/2014,7200,7200,7200,7075
11/19/2014,7150,7200,7200,7100
11/20/2014,6875,7100,7125,6825
11/21/2014,6950,6925,7050,6850
11/24/2014,7100,7050,7125,7000
11/25/2014,6900,7025,7075,6900
11/26/2014,7025,6925,7025,6925
11/27/2014,7100,7025,7100,7025
11/28/2014,7125,7025,7125,7000
12/01/2014,7125,7100,7125,7000
12/02/2014,7000,7100,7150,6975
12/03/2014,6900,7075,7075,6850
12/04/2014,6975,6950,7050,6900
12/05/2014,7100,6975,7150,6975
12/08/2014,7100,7175,7175,7050
12/09/2014,7100,7100,7150,7075
12/10/2014,7150,7100,7200,7075
12/11/2014,7100,7125,7175,7100
12/12/2014,7175,7100,7250,7100
12/15/2014,7025,7100,7150,6975
12/16/2014,7100,6900,7150,6900
12/17/2014,7025,7100,7125,7025
12/18/2014,7200,7150,7200,7100
12/19/2014,7200,7250,7375,7175
12/22/2014,7125,7200,7275,7100
12/23/2014,7275,7225,7325,7225
12/24/2014,7325,7225,7350,7225
12/29/2014,7350,7375,7400,7325
12/30/2014,7425,7400,7475,7350
01/02/2015,7400,7475,7475,7375
01/05/2015,7225,7350,7375,7225
01/06/2015,7050,7125,7175,7050
01/07/2015,7150,7000,7175,7000
01/08/2015,7075,7150,7200,7075
01/09/2015,7025,7125,7125,7000
01/12/2015,7000,7000,7075,7000
01/13/2015,7175,7050,7175,7025
01/14/2015,7050,7125,7175,7050
01/15/2015,7275,7150,7275,7100
01/16/2015,7300,7200,7325,7150
01/19/2015,7425,7350,7450,7300
01/20/2015,7450,7475,7475,7400
01/21/2015,7675,7500,7700,7475
01/22/2015,7750,7725,7750,7650
01/23/2015,8075,7800,8100,7800
01/26/2015,8025,8100,8100,7825
01/27/2015,7825,7975,8000,7725
01/28/2015,7825,7875,7900,7775
01/29/2015,7750,7800,7850,7750
01/30/2015,7850,7875,7925,7825
02/02/2015,7750,7800,7875,7650
02/03/2015,7625,7700,7775,7575
02/04/2015,7725,7700,7725,7625
02/05/2015,7550,7725,7750,7500
02/06/2015,7600,7600,7600,7450
02/09/2015,7575,7575,7700,7550
02/10/2015,7625,7650,7700,7600
02/11/2015,7875,7625,7875,7625
02/12/2015,7925,7850,7925,7700
02/13/2015,7950,7950,7975,7875
02/16/2015,7800,7950,7975,7775
02/17/2015,7800,7725,7800,7725
02/18/2015,7950,7950,8050,7850
02/20/2015,7850,7850,7950,7850
02/23/2015,7900,7800,7900,7775
02/24/2015,8000,7900,8000,7850
02/25/2015,8150,8000,8175,7975
02/26/2015,8050,8050,8150,8025
02/27/2015,7850,8075,8075,7850
03/02/2015,7875,7850,7900,7800
03/03/2015,8000,7875,8050,7875
03/04/2015,7875,8025,8050,7875
03/05/2015,7850,7925,8000,7850
03/06/2015,8075,7925,8075,7875
03/09/2015,7950,7950,8075,7875
03/10/2015,7975,7950,8050,7925
03/11/2015,7850,8000,8000,7850
03/12/2015,7900,7900,7975,7850
03/13/2015,7875,7950,7950,7850
03/16/2015,7975,7900,8000,7875
03/17/2015,8000,8025,8050,7950
03/18/2015,7975,7975,8025,7925
03/19/2015,8050,8075,8100,7975
03/20/2015,8100,8050,8150,7975
03/23/2015,8175,8150,8300,8125
03/24/2015,8150,8200,8200,8100
03/25/2015,8200,8150,8250,8125
03/26/2015,8150,8150,8225,8150
03/27/2015,8200,8100,8200,8000
03/30/2015,8375,8250,8450,8200
03/31/2015,8575,8500,8575,8400
04/01/2015,8175,8575,8575,8175
04/02/2015,8075,8225,8275,7975
04/06/2015,8200,8150,8250,8100
04/07/2015,8150,8275,8275,8125
04/08/2015,7975,8075,8125,7950
04/09/2015,8150,8025,8150,8000
04/10/2015,8150,8150,8225,8000
04/13/2015,8175,8075,8175,8050
04/14/2015,8200,8175,8200,8100
04/15/2015,8175,8200,8225,8125
04/16/2015,8050,8200,8225,8000
04/17/2015,7975,8025,8075,7950
04/20/2015,7700,7975,8000,7650
04/21/2015,7925,7725,7950,7675
04/22/2015,7900,7950,7975,7875
04/23/2015,7900,7875,7950,7850
04/24/2015,7875,7975,8000,7800
04/27/2015,7450,7850,7850,7450
04/28/2015,7375,7325,7400,7250
04/29/2015,7100,7300,7375,7000
04/30/2015,6850,7000,7100,6700
05/04/2015,7100,7000,7175,6950
05/05/2015,7275,7175,7275,7075
05/06/2015,7350,7225,7375,7200
05/07/2015,7200,7250,7400,7175
05/08/2015,7400,7300,7450,7275
05/11/2015,7325,7500,7500,7325
05/12/2015,7375,7325,7475,7325
05/13/2015,7525,7450,7625,7350
05/15/2015,7500,7625,7725,7475
05/18/2015,7550,7550,7575,7425
05/19/2015,7700,7600,7700,7550
05/20/2015,7850,7800,7925,7675
05/21/2015,7825,7950,7950,7725
05/22/2015,7575,7700,7825,7575
05/25/2015,7575,7700,7700,7550
05/26/2015,7500,7625,7700,7500
05/27/2015,7425,7575,7600,7425
05/28/2015,7375,7425,7475,7350
05/29/2015,7300,7375,7425,7300
06/01/2015,7325,7300,7350,7225
06/03/2015,7050,7275,7300,7000
06/04/2015,7025,7025,7075,7000
06/05/2015,7000,7025,7050,6925
06/08/2015,6925,6975,7000,6925
06/09/2015,6850,6950,6950,6550
06/10/2015,6850,6875,6950,6850
06/11/2015,6950,6975,7000,6850
06/12/2015,7075,6975,7075,6950
06/15/2015,6850,7075,7100,6825
06/16/2015,6975,6925,6975,6800
06/17/2015,7000,6925,7075,6925
06/18/2015,7025,7000,7050,7000
06/19/2015,7050,7000,7125,7000
06/22/2015,7000,7100,7125,7000
06/23/2015,6825,7000,7050,6825
06/24/2015,6950,6900,6975,6875
06/25/2015,6850,6875,6900,6775
06/26/2015,6825,6800,6950,6800
06/29/2015,6875,6800,6925,6725
06/30/2015,7075,6925,7075,6875
07/01/2015,7025,7125,7150,6975
07/02/2015,7075,7100,7125,7050
07/03/2015,7050,7025,7075,7000
07/06/2015,7000,7000,7025,6975
07/07/2015,6900,6950,7000,6825
07/08/2015,6650,6850,6850,6625
07/09/2015,6650,6675,6675,6550
07/10/2015,6675,6700,6725,6550
07/13/2015,6800,6700,6825,6675
07/14/2015,6850,6825,6875,6800
07/15/2015,6825,6775,6825,6650
07/22/2015,6950,6825,6950,6750
07/23/2015,6875,6825,6900,6800
07/24/2015,6650,6825,6825,6625
07/27/2015,6425,6550,6650,6425
07/28/2015,6350,6425,6500,6325
07/29/2015,6425,6425,6525,6400
07/30/2015,6575,6500,6575,6450
07/31/2015,6650,6525,6775,6450
08/03/2015,6700,6475,6700,6475
08/04/2015,6625,6600,6800,6600
08/05/2015,6800,6700,6850,6650
08/06/2015,6750,6825,6875,6725
08/07/2015,6600,6700,6750,6525
08/10/2015,6500,6525,6575,6425
08/11/2015,6175,6525,6575,6175
08/12/2015,6075,6000,6125,5950
08/13/2015,6400,6075,6450,6075
08/14/2015,6425,6325,6450,6225
08/18/2015,6175,6325,6400,6150
08/19/2015,6175,6100,6225,6100
08/20/2015,6200,6075,6250,6025
08/21/2015,6050,6100,6125,6025
08/24/2015,5675,5950,6000,5650
08/25/2015,5600,5700,5950,5500
08/26/2015,5625,5500,5725,5450
08/27/2015,5825,5725,6000,5725
08/28/2015,5775,5950,6000,5650
08/31/2015,5925,5750,5925,5700
09/01/2015,5700,5900,5900,5700
09/02/2015,5975,5700,5975,5625
09/03/2015,6150,6000,6150,5900
09/04/2015,6200,6050,6200,6025
09/07/2015,5850,6175,6175,5800
09/08/2015,5875,5825,5925,5775
09/09/2015,6100,5950,6150,5950
09/10/2015,6050,5950,6075,5875
09/11/2015,6125,6125,6200,6075
09/14/2015,6125,6200,6200,6050
09/15/2015,6025,6100,6125,6000
09/16/2015,5900,6025,6025,5875
09/17/2015,5925,5950,5975,5850
09/18/2015,5800,5900,5950,5775
09/21/2015,5800,5750,5825,5725
09/22/2015,5800,5850,5850,5750
09/23/2015,5500,5700,5700,5500
09/25/2015,5550,5575,5575,5500
09/28/2015,5175,5500,5525,5175
09/29/2015,5300,5050,5300,4975
09/30/2015,5225,5325,5350,5200
10/01/2015,5275,5250,5350,5225
10/02/2015,5125,5200,5275,5075
10/05/2015,5325,5200,5375,5175
10/06/2015,5925,5450,5950,5450
10/07/2015,6125,5925,6125,5850
10/08/2015,6325,6200,6475,6175
10/09/2015,6700,6400,6875,6400
10/12/2015,6700,6700,6825,6525
10/13/2015,6125,6650,6675,6100
10/15/2015,6400,6300,6550,6300
10/16/2015,6300,6425,6550,6300
10/19/2015,6500,6350,6500,6325
10/20/2015,6350,6500,6525,6350
10/21/2015,6325,6350,6500,6200
10/22/2015,6200,6325,6325,6100
10/23/2015,6300,6350,6450,6225
10/26/2015,6300,6400,6425,6200
10/27/2015,6250,6200,6250,6075
10/28/2015,6075,6250,6250,5975
10/29/2015,5800,6075,6075,5775
10/30/2015,5900,5750,5975,5725
11/02/2015,6250,5825,6250,5800
11/03/2015,6425,6300,6450,6300
11/04/2015,6550,6425,6575,6400
11/05/2015,6500,6500,6575,6425
11/06/2015,6600,6500,6650,6500
11/09/2015,6425,6550,6550,6325
11/10/2015,6500,6350,6600,6325
11/11/2015,6775,6500,6850,6475
11/12/2015,6600,6775,6775,6600
11/13/2015,6600,6550,6650,6550
11/16/2015,6425,6450,6500,6350
11/17/2015,6325,6450,6550,6325
11/18/2015,6350,6375,6500,6325
11/19/2015,6250,6400,6425,6175
11/20/2015,6300,6225,6325,6175
11/23/2015,6250,6325,6400,6225
11/24/2015,6250,6200,6325,6200
11/25/2015,6175,6250,6300,6175
11/26/2015,6225,6200,6275,6175
11/27/2015,6225,6225,6275,6125
11/30/2015,5925,6175,6200,5925
12/01/2015,6375,6050,6375,6025
12/02/2015,6300,6375,6450,6275
12/03/2015,6300,6225,6375,6200
12/04/2015,6400,6200,6425,6200
12/07/2015,6525,6475,6600,6450
12/08/2015,6200,6425,6450,6175
12/10/2015,6225,6175,6350,6125
12/11/2015,5900,6325,6325,5900
12/14/2015,6125,5800,6150,5800
12/15/2015,6275,6150,6275,6075
12/16/2015,6275,6300,6325,6175
12/17/2015,6400,6350,6475,6325
12/18/2015,6275,6250,6300,6200
12/21/2015,6250,6150,6250,6125
12/22/2015,6075,6225,6250,6025
12/23/2015,6000,6125,6150,5975
12/28/2015,6000,5975,6075,5950
12/29/2015,6025,6000,6075,6000
12/30/2015,6000,6075,6075,6000
01/04/2016,5900,5950,6075,5900
01/05/2016,6125,6000,6200,5975
01/06/2016,6075,6100,6200,6050
01/07/2016,5975,6000,6075,5975
01/08/2016,6050,6000,6050,5900
01/11/2016,5950,5975,6000,5925
01/12/2016,5925,6000,6025,5925
01/13/2016,5900,5975,6000,5900
01/14/2016,5875,5850,5900,5700
01/15/2016,6000,5925,6025,5900
01/18/2016,5900,5900,5925,5850
01/19/2016,5925,5900,5950,5875
01/20/2016,5775,5900,5975,5775
01/21/2016,5850,5850,5900,5775
01/22/2016,5900,5925,5950,5850
01/25/2016,6125,5950,6125,5925
01/26/2016,6125,6075,6150,6025
01/27/2016,6150,6175,6200,6075
01/28/2016,6250,6150,6250,6100
01/29/2016,6450,6275,6450,6250
02/01/2016,6350,6500,6550,6225
02/02/2016,6125,6275,6325,6125
02/03/2016,6200,6050,6250,6050
02/04/2016,6325,6200,6350,6200
02/05/2016,6650,6375,6750,6350
02/09/2016,6775,6550,6850,6425
02/10/2016,6800,6750,6925,6725
02/11/2016,7125,6850,7150,6825
02/12/2016,6825,7100,7100,6800
02/15/2016,6775,6925,7000,6725
02/16/2016,6900,6800,6975,6800
02/17/2016,7000,6850,7050,6850
02/18/2016,7050,7050,7125,6850
02/19/2016,6900,7000,7025,6775
02/22/2016,6750,6825,6875,6725
02/23/2016,6525,6725,6725,6450
02/24/2016,6400,6400,6525,6225
02/25/2016,6425,6325,6550,6225
02/26/2016,6800,6525,6800,6500
02/29/2016,6800,6825,6900,6675
03/01/2016,7000,6825,7100,6800
03/02/2016,7100,7100,7125,7025
03/03/2016,6875,7125,7125,6825
03/04/2016,6900,6900,6925,6775
03/07/2016,6850,6850,6850,6800
03/08/2016,6725,6800,6825,6625
03/10/2016,6925,6725,6925,6575
03/11/2016,7050,6875,7075,6875
03/14/2016,7200,7100,7250,7075
03/15/2016,7100,7200,7200,7050
03/16/2016,7200,7175,7200,7050
03/17/2016,7325,7300,7400,7275
03/18/2016,7450,7450,7525,7375
03/21/2016,7450,7425,7525,7375
03/22/2016,7450,7450,7450,7350
03/23/2016,7400,7400,7425,7325
03/24/2016,7375,7350,7400,7300
03/28/2016,7250,7300,7350,7150
03/29/2016,7075,7150,7225,7025
03/30/2016,7100,7150,7200,7100
03/31/2016,7250,7150,7250,7075
04/01/2016,7325,7350,7375,7225
04/04/2016,7400,7325,7425,7325
04/05/2016,7275,7375,7375,7250
04/06/2016,7225,7250,7300,7200
04/07/2016,7300,7225,7300,7225
04/08/2016,7200,7225,7275,7200
04/11/2016,6975,7125,7200,6900
04/12/2016,7250,7000,7275,6975
04/13/2016,7400,7325,7425,7250
04/14/2016,7200,7400,7400,7200
04/15/2016,7675,7350,7675,7275
04/18/2016,7525,7800,7850,7475
04/19/2016,7600,7625,7625,7500
04/20/2016,7575,7575,7675,7575
04/21/2016,7525,7625,7650,7425
04/22/2016,7350,7425,7525,7350
04/25/2016,7350,7450,7450,7250
04/26/2016,7200,7350,7350,7150
04/27/2016,6825,6950,6950,6700
04/28/2016,6725,6850,6900,6700
04/29/2016,6725,6700,6775,6600
05/02/2016,6700,6775,6775,6625
05/03/2016,6600,6700,6700,6575
05/04/2016,6650,6600,6675,6525
05/09/2016,6400,6650,6650,6400
05/10/2016,6525,6425,6550,6375
05/11/2016,6650,6575,6700,6550
05/12/2016,6525,6650,6675,6475
05/13/2016,6325,6500,6525,6275
05/16/2016,6200,6250,6325,6000
05/17/2016,6325,6200,6325,6150
05/18/2016,6250,6300,6375,6225
05/19/2016,6250,6175,6325,6100
05/20/2016,6350,6225,6400,6225
05/23/2016,6375,6300,6375,6275
05/24/2016,6375,6400,6450,6350
05/25/2016,6575,6475,6575,6425
05/26/2016,6550,6600,6650,6525
05/27/2016,6700,6550,6700,6550
05/30/2016,6750,6700,6775,6575
05/31/2016,6600,6750,6800,6600
06/01/2016,6675,6625,6725,6600
06/02/2016,6500,6625,6650,6500
06/03/2016,6600,6550,6650,6500
06/06/2016,6850,6550,6850,6550
06/07/2016,6850,6850,6900,6775
06/08/2016,6900,6875,6975,6875
06/09/2016,6875,6925,6950,6850
06/10/2016,6625,6850,6925,6625
06/13/2016,6575,6625,6700,6550
06/14/2016,6700,6525,6700,6525
06/15/2016,6725,6625,6825,6625
06/16/2016,6575,6750,6750,6550
06/17/2016,6600,6625,6650,6500
06/20/2016,6750,6625,6750,6550
06/21/2016,6750,6800,6925,6725
06/22/2016,6975,6800,7000,6800
06/23/2016,6950,6975,7000,6850
06/24/2016,6700,6950,7000,6500
06/27/2016,6625,6550,6675,6525
06/28/2016,6975,6600,6975,6600
06/29/2016,7200,7000,7200,7000
06/30/2016,7400,7300,7400,7300
07/01/2016,7400,7450,7475,7275
07/11/2016,7250,7425,7600,7150
07/12/2016,7250,7275,7350,7150
07/13/2016,7275,7250,7300,7175
07/14/2016,7100,7175,7325,7100
07/15/2016,7100,7050,7175,6975
07/18/2016,7250,7100,7325,7100
07/19/2016,7325,7300,7400,7250
07/20/2016,7450,7325,7450,7325
07/21/2016,7375,7450,7475,7300
07/22/2016,7350,7375,7400,7275
07/25/2016,7500,7350,7500,7325
07/26/2016,7450,7475,7500,7425
07/27/2016,7375,7500,7600,7350
07/28/2016,7425,7450,7500,7375
07/29/2016,7725,7500,7825,7475
08/01/2016,8000,7900,8075,7875
08/02/2016,7975,8000,8050,7950
08/03/2016,7950,7975,8000,7900
08/04/2016,7750,7850,7950,7650
08/05/2016,7925,7750,7975,7725
08/08/2016,8325,8000,8325,7950
08/09/2016,8125,8250,8250,8075
08/10/2016,8125,8100,8175,8025
08/11/2016,8125,8175,8200,8050
08/12/2016,7975,8200,8200,7975
08/15/2016,7850,8000,8000,7825
08/16/2016,7875,7800,7950,7800
08/18/2016,8300,7975,8650,7950
08/19/2016,8100,8425,8450,8075
08/22/2016,8300,8175,8400,8175
08/23/2016,8100,8500,8500,8050
08/24/2016,8200,8150,8225,8100
08/25/2016,8400,8300,8475,8275
08/26/2016,8350,8400,8425,8300
08/29/2016,8075,8350,8375,8050
08/30/2016,8075,8150,8250,8025
08/31/2016,8150,8050,8200,8050
09/01/2016,8025,8100,8125,7925
09/02/2016,8100,8075,8125,8025
09/05/2016,8275,8200,8300,8150
09/06/2016,8300,8300,8300,8200
09/07/2016,8300,8350,8400,8200
09/08/2016,8300,8375,8375,8250
09/09/2016,8225,8300,8300,8175
09/13/2016,7950,8050,8075,7850
09/14/2016,7725,7900,7925,7700
09/15/2016,8150,7800,8200,7775
09/16/2016,7975,8200,8225,7975
09/19/2016,8225,8100,8300,8075
09/20/2016,8300,8225,8300,8225
09/21/2016,8550,8300,8675,8250
09/22/2016,8775,8750,8850,8675
09/23/2016,8600,8800,8800,8450
09/26/2016,8425,8475,8475,8375
09/27/2016,8700,8350,8700,8300
09/28/2016,8725,8700,8800,8650
09/29/2016,8675,8775,8875,8675
09/30/2016,8250,8500,8650,8225
10/03/2016,8475,8425,8525,8350
10/04/2016,8600,8525,8600,8450
10/05/2016,8425,8575,8575,8375
10/06/2016,8350,8425,8525,8350
10/07/2016,8200,8400,8425,8200
10/10/2016,8275,8200,8300,8200
10/11/2016,8325,8300,8400,8250
10/12/2016,8300,8400,8400,8300
10/13/2016,8200,8300,8300,8075
10/14/2016,8325,8175,8350,8075
10/17/2016,8225,8325,8350,8225
10/18/2016,8475,8325,8500,8300
10/19/2016,8375,8450,8500,8325
10/20/2016,8375,8425,8450,8350
10/21/2016,8375,8425,8425,8350
10/24/2016,8300,8425,8425,8250
10/25/2016,8175,8300,8300,8175
10/26/2016,8200,8150,8225,8100
10/27/2016,8250,8200,8275,8125
10/28/2016,8175,8200,8275,8125
10/31/2016,8225,8175,8275,8150
11/01/2016,8325,8250,8350,8175
11/02/2016,8325,8275,8400,8200
11/03/2016,8125,8250,8375,8125
11/04/2016,8125,8050,8200,8050
11/07/2016,8225,8175,8250,8075
11/08/2016,8375,8250,8400,8175
11/09/2016,8250,8375,8400,8100
11/10/2016,8300,8300,8350,8225
11/11/2016,7700,8050,8075,7700
11/14/2016,7625,7700,7775,7300
11/15/2016,7625,7675,7800,7575
11/16/2016,7825,7775,7850,7725
11/17/2016,7850,7825,7875,7725
11/18/2016,7850,7850,7875,7750
11/21/2016,7900,7750,7900,7725
11/22/2016,7750,7850,7900,7725
11/23/2016,7775,7750,7825,7725
11/24/2016,7525,7725,7725,7450
11/25/2016,7625,7450,7625,7450
11/28/2016,7825,7675,7900,7650
11/29/2016,7700,7825,7975,7700
11/30/2016,7550,7750,7875,7550
12/01/2016,7700,7650,7750,7650
12/02/2016,7850,7800,7875,7725
12/05/2016,7875,7825,7950,7800
12/06/2016,7850,7875,7950,7725
12/07/2016,7775,7825,7825,7750
12/08/2016,7800,7825,7825,7750
12/09/2016,7825,7800,7875,7750
12/13/2016,7850,7900,7900,7650
12/14/2016,7775,7825,7825,7750
12/15/2016,7750,7725,7800,7650
12/16/2016,7575,7750,7775,7575
12/19/2016,7625,7675,7700,7575
12/20/2016,7550,7575,7650,7500
12/21/2016,7700,7650,7750,7625
12/22/2016,7525,7750,7750,7525
12/23/2016,7325,7525,7575,7325
12/27/2016,7625,7325,7700,7325
12/28/2016,7825,7750,7825,7650
12/29/2016,8125,7825,8150,7800
12/30/2016,8275,8175,8275,8050
01/03/2017,8200,8150,8225,8050
01/04/2017,8000,8150,8175,7925
01/05/2017,8125,8050,8125,8000
01/06/2017,8175,8175,8250,8125
01/09/2017,8150,8250,8250,8125
01/10/2017,8200,8175,8225,8100
01/11/2017,8025,8200,8200,8025
01/12/2017,7925,8025,8100,7925
01/13/2017,8000,7925,8125,7925
01/16/2017,7975,8075,8075,7975
01/17/2017,8050,7950,8075,7950
01/18/2017,8125,8100,8175,8050
01/19/2017,8150,8125,8150,8050
01/20/2017,8000,8150,8150,8000
01/23/2017,8025,8050,8100,7950
01/24/2017,8050,8100,8100,8025
01/25/2017,8100,8100,8100,8050
01/26/2017,8075,8150,8150,8050
01/27/2017,8100,8100,8125,8025
01/30/2017,7900,8100,8125,7900
01/31/2017,7950,8000,8050,7950
02/01/2017,8050,8000,8100,7975
02/02/2017,8100,8025,8100,8000
02/03/2017,8100,8125,8200,8100
02/06/2017,8125,8175,8200,8100
02/07/2017,8125,8150,8150,8075
02/08/2017,8050,8150,8175,8050
02/09/2017,8075,8050,8150,8050
02/10/2017,8050,8050,8125,8050
02/13/2017,8100,8050,8125,8000
02/14/2017,8075,8100,8125,8050
02/16/2017,8100,8100,8150,8050
02/17/2017,7900,7975,8000,7850
02/20/2017,7950,7900,7975,7875
02/21/2017,7925,7950,7975,7900
02/22/2017,7975,7975,8050,7950
02/23/2017,8050,7950,8050,7925
02/24/2017,8125,8000,8150,7975
02/27/2017,8025,8150,8150,8025
02/28/2017,8200,8125,8425,8125
03/01/2017,8325,8225,8350,8175
03/02/2017,8475,8400,8550,8375
03/03/2017,8400,8500,8550,8375
03/06/2017,8550,8450,8550,8400
03/07/2017,8500,8575,8575,8500
03/08/2017,8400,8550,8550,8350
03/09/2017,8250,8375,8375,8250
03/10/2017,8150,8275,8275,8100
03/13/2017,8250,8175,8250,8175
03/14/2017,8200,8250,8275,8175
03/15/2017,8175,8225,8250,8150
03/16/2017,8575,8250,8575,8250
03/17/2017,8475,8600,8800,8425
03/20/2017,8500,8500,8600,8350
03/21/2017,8475,8550,8550,8425
03/22/2017,8400,8425,8450,8325
03/23/2017,8450,8450,8475,8375
03/24/2017,8525,8425,8575,8425
03/27/2017,8525,8475,8525,8475
03/29/2017,8725,8550,8800,8550
03/30/2017,8675,8600,8725,8500
03/31/2017,8625,8725,8800,8625
04/03/2017,8775,8700,8800,8650
04/04/2017,8775,8800,8925,8750
04/05/2017,8775,8825,8900,8725
04/06/2017,8750,8675,8750,8625
04/07/2017,8575,8750,8750,8550
04/10/2017,8600,8600,8625,8500
04/11/2017,8575,8575,8600,8550
04/12/2017,8575,8600,8650,8525
04/13/2017,8500,8575,8650,8500
04/17/2017,8375,8575,8575,8375
04/18/2017,8375,8375,8525,8350
04/20/2017,8575,8425,8600,8375
04/21/2017,9150,8600,9150,8575
04/25/2017,9025,9250,9350,8975
04/26/2017,9025,9050,9100,8925
04/27/2017,9000,9000,9050,8925
04/28/2017,8950,9025,9075,8925
05/02/2017,9000,9000,9025,8900
05/03/2017,8850,9050,9050,8850
05/04/2017,8800,8850,8900,8675
05/05/2017,8700,8750,8775,8700
05/08/2017,8800,8850,8900,8800
05/09/2017,8700,8900,8900,8700
05/10/2017,8600,8625,8675,8575
05/12/2017,8675,8675,8750,8650
05/15/2017,8700,8700,8700,8525
05/16/2017,8600,8700,8750,8600
05/17/2017,8350,8675,8675,8325
05/18/2017,8500,8350,8500,8325
05/19/2017,8750,8525,9000,8450
05/22/2017,8775,8825,8950,8700
05/23/2017,8700,8700,8800,8650
05/24/2017,8725,8575,8725,8550
05/26/2017,8750,8725,8775,8675
05/29/2017,8700,8725,8750,8625
05/30/2017,8675,8625,8725,8625
05/31/2017,8750,8625,8750,8625
06/02/2017,9000,8750,9000,8725
06/05/2017,9000,9000,9050,8925
06/06/2017,8875,8975,9025,8825
06/07/2017,8900,8950,8950,8850
06/08/2017,8825,8850,8900,8825
06/09/2017,8650,8750,8750,8650
06/12/2017,8725,8675,8850,8675
06/13/2017,8800,8725,8825,8725
06/14/2017,9150,8850,9150,8775
06/15/2017,8900,8900,8925,8850
06/16/2017,8725,8900,8925,8725
06/19/2017,8725,8725,8800,8725
06/20/2017,8950,8725,8975,8700
06/21/2017,8900,8725,9025,8725
06/22/2017,8925,8950,8975,8750
07/03/2017,8775,8950,9025,8725
07/04/2017,8775,8825,8825,8700
07/05/2017,8800,8800,8825,8750
07/06/2017,8800,8750,8825,8750
07/07/2017,8775,8800,8850,8725
07/10/2017,8775,8775,8825,8725
07/11/2017,8725,8775,8800,8700
07/12/2017,8725,8700,8750,8650
07/13/2017,8725,8800,8800,8700
07/14/2017,8725,8750,8750,8700
07/17/2017,8725,8725,8750,8675
07/18/2017,8675,8700,8725,8650
07/19/2017,8475,8675,8675,8450
07/20/2017,8550,8500,8550,8475
07/21/2017,8200,8525,8525,8200
07/24/2017,8225,8200,8225,8000
07/25/2017,8100,8250,8250,8050
07/26/2017,8100,8200,8200,8050
07/27/2017,8075,8050,8150,8050
07/28/2017,7950,8075,8075,7900
07/31/2017,7975,7925,8100,7900
08/01/2017,7850,7975,7975,7800
08/02/2017,7825,7875,7900,7725
08/03/2017,7775,7825,7825,7725
08/04/2017,7775,7750,7800,7650
08/07/2017,7900,7800,7950,7775
08/08/2017,8000,7925,8000,7900
08/09/2017,8000,8000,8000,7900
08/10/2017,7925,7975,8000,7850
08/11/2017,7775,7900,7900,7725
08/14/2017,7850,7800,7925,7775
08/15/2017,7825,7875,7900,7800
08/16/2017,7850,7800,7875,7775
08/18/2017,7900,7825,7975,7800
08/21/2017,7875,7900,7950,7775
08/22/2017,7925,7825,7950,7825
08/23/2017,7975,7975,8000,7900
08/24/2017,7975,7900,8050,7900
08/25/2017,8000,8000,8000,7950
08/28/2017,8000,7975,8025,7950
08/29/2017,7900,7925,7950,7825
08/30/2017,7875,7900,7950,7850
08/31/2017,7875,7850,7925,7850
09/04/2017,7750,7925,7925,7750
09/05/2017,7800,7650,7825,7650
09/06/2017,7825,7725,7850,7725
09/07/2017,7650,7725,7725,7625
09/08/2017,7825,7700,7850,7700
09/11/2017,7900,7900,7950,7875
09/12/2017,7900,7900,7925,7875
09/13/2017,7900,7900,7925,7875
09/14/2017,7900,7900,7950,7875
09/15/2017,7850,7850,7900,7800
09/18/2017,7850,7900,7900,7825
09/19/2017,7925,7850,7925,7775
09/20/2017,7825,7900,7925,7775
09/22/2017,7775,7750,7825,7725
09/25/2017,7800,7775,7825,7725
09/26/2017,7800,7750,7850,7750
09/27/2017,7825,7825,7850,7775
09/28/2017,7700,7800,7850,7700
09/29/2017,7900,7725,7950,7725
10/02/2017,7925,7900,7950,7875
10/03/2017,8000,7900,8025,7800
10/04/2017,8000,8000,8050,7975
10/05/2017,7950,8025,8025,7925
10/06/2017,7975,8025,8025,7950
10/09/2017,7975,8000,8025,7975
10/10/2017,7975,7950,8025,7950
10/11/2017,8025,7975,8025,7900
10/12/2017,8200,8050,8200,8025
10/13/2017,8475,8175,8475,8150
10/16/2017,8375,8475,8525,8275
10/17/2017,8250,8300,8325,8100
10/18/2017,8050,8150,8200,8025
10/19/2017,7925,8050,8100,7925
10/20/2017,8000,8000,8150,7950
10/23/2017,8050,8000,8150,8000
10/24/2017,8175,8000,8200,8000
10/25/2017,8150,8200,8200,8050
10/26/2017,8000,8150,8150,7975
10/27/2017,7900,7975,8075,7900
10/30/2017,8000,7950,8025,7900
10/31/2017,8000,8075,8075,8000
11/01/2017,8075,8000,8100,8000
11/02/2017,8150,8100,8200,8075
11/03/2017,8100,8150,8150,8025
11/06/2017,8075,8075,8125,8050
11/07/2017,8200,8075,8200,8050
11/08/2017,8300,8150,8300,8100
11/09/2017,8275,8300,8325,8225
11/10/2017,8350,8225,8425,8200
11/13/2017,8350,8350,8375,8300
11/14/2017,8300,8350,8375,8275
11/15/2017,8175,8300,8300,8150
11/16/2017,8250,8200,8300,8175
11/17/2017,8200,8300,8325,8200
11/20/2017,8200,8300,8300,8200
11/21/2017,8125,8175,8250,8075
11/22/2017,8450,8150,8450,8150
11/23/2017,8475,8500,8500,8400
11/24/2017,8550,8400,8550,8375
11/27/2017,8525,8475,8600,8450
11/28/2017,8375,8450,8450,8350
11/29/2017,8350,8375,8400,8325
11/30/2017,7975,8300,8350,7975
12/04/2017,8100,8175,8300,8100
12/05/2017,8200,8125,8300,8125
12/06/2017,8350,8150,8475,8150
12/07/2017,8300,8350,8375,8275
12/08/2017,8250,8250,8325,8225
12/11/2017,8400,8250,8450,8250
12/12/2017,8200,8450,8450,8175
12/13/2017,8100,8175,8200,8075
12/14/2017,8325,8200,8350,8150
12/15/2017,8300,8325,8325,8200
12/18/2017,8175,8200,8275,8075
12/19/2017,8175,8150,8200,8125
12/20/2017,8000,8150,8175,7975
12/21/2017,8100,8050,8175,8025
12/22/2017,8200,8100,8200,8075
12/27/2017,8150,8200,8225,8125
12/28/2017,8050,8200,8200,8025
12/29/2017,8300,8150,8350,8100
01/02/2018,8200,8300,8400,8150
01/03/2018,8050,8250,8250,8000
01/04/2018,8225,8075,8225,8050
01/05/2018,8300,8150,8300,8125
01/08/2018,8300,8300,8325,8200
01/09/2018,8175,8300,8300,8150
01/10/2018,8275,8275,8300,8175
01/11/2018,8250,8275,8275,8125
01/12/2018,8175,8200,8250,8175
01/15/2018,8175,8175,8200,8125
01/16/2018,8225,8200,8250,8125
01/17/2018,8200,8150,8300,8125
01/18/2018,8300,8275,8300,8200
01/19/2018,8350,8300,8350,8250
01/22/2018,8250,8350,8350,8200
01/23/2018,8525,8300,8525,8250
01/24/2018,8725,8525,8750,8450
01/25/2018,8725,8675,8750,8625
01/26/2018,8625,8725,8725,8500
01/29/2018,8650,8650,8675,8500
01/30/2018,8425,8650,8650,8400
01/31/2018,8500,8400,8700,8375
02/01/2018,8575,8525,8750,8525
02/02/2018,8700,8700,8750,8625
02/05/2018,8525,8500,8650,8450
02/06/2018,8425,8350,8475,8350
02/07/2018,8450,8500,8600,8375
02/08/2018,8375,8500,8525,8350
02/09/2018,8200,8250,8350,8175
02/12/2018,8200,8300,8300,8200
02/13/2018,8275,8200,8300,8200
02/14/2018,8375,8275,8375,8275
02/15/2018,8275,8425,8425,8275
02/19/2018,8425,8350,8425,8300
02/20/2018,8300,8350,8375,8250
02/21/2018,8175,8325,8350,8125
02/22/2018,8000,8200,8225,8000
02/23/2018,8200,8125,8250,8100
02/26/2018,8100,8200,8225,8050
02/27/2018,8200,8100,8200,8075
02/28/2018,8075,8175,8175,8075
03/01/2018,8075,8100,8175,8075
03/02/2018,8150,8075,8150,8025
03/05/2018,8150,8175,8175,8075
03/06/2018,8050,8200,8200,8025
03/07/2018,7825,8000,8025,7775
03/08/2018,7850,7925,7925,7775
03/09/2018,7775,7900,7900,7750
03/12/2018,7800,7850,7875,7775
03/13/2018,7700,7775,7775,7675
03/14/2018,7575,7650,7725,7575
03/15/2018,7450,7525,7575,7425
03/16/2018,7450,7450,7525,7350
03/19/2018,7275,7450,7475,7250
03/20/2018,7300,7225,7350,7200
03/21/2018,7300,7350,7350,7275
03/22/2018,7350,7350,7450,7325
03/23/2018,7275,7050,7275,7050
03/26/2018,7225,7275,7275,7175
03/27/2018,7300,7300,7375,7250
03/28/2018,7100,7225,7250,7075
03/29/2018,7300,7175,7325,7050
04/02/2018,7550,7350,7600,7300
04/03/2018,7675,7500,7750,7450
04/04/2018,7575,7675,7675,7475
04/05/2018,7600,7625,7650,7475
04/06/2018,7525,7600,7600,7525
04/09/2018,7750,7550,7750,7550
04/10/2018,7825,7700,7850,7675
04/11/2018,7950,7875,7975,7850
04/12/2018,7725,7850,7925,7700
04/13/2018,7525,7750,7825,7525
04/16/2018,7600,7575,7725,7500
04/17/2018,7625,7700,7700,7525
04/18/2018,7525,7625,7625,7475
04/19/2018,7700,7525,7700,7525
04/20/2018,7575,7650,7675,7550
04/23/2018,7475,7600,7600,7475
04/24/2018,7325,7400,7475,7300
04/25/2018,7150,7400,7425,7150
04/26/2018,7075,7175,7300,7050
04/27/2018,7225,7250,7250,7100
04/30/2018,7150,7275,7300,7150
05/02/2018,7375,7200,7375,7150
05/03/2018,7275,7375,7400,7275
05/04/2018,7250,7200,7300,7125
05/07/2018,7075,7300,7300,7050
05/08/2018,6950,7075,7100,6825
05/09/2018,7100,6800,7125,6800
05/11/2018,7050,7150,7200,7050
05/14/2018,7025,6950,7100,6950
05/15/2018,6925,7025,7100,6925
05/16/2018,6900,6900,6925,6650
05/17/2018,6725,6900,6925,6725
05/18/2018,6525,6800,6800,6525
05/21/2018,6525,6600,6675,6525
05/22/2018,6950,6575,7000,6550
05/23/2018,7000,7000,7225,6950
05/24/2018,7225,7150,7300,7125
05/25/2018,7250,7275,7275,7050
05/28/2018,7175,7100,7300,7100
05/30/2018,7000,7125,7200,6950
05/31/2018,6900,7075,7150,6850
06/04/2018,7000,7050,7100,6975
06/05/2018,7000,6950,7050,6950
06/06/2018,6975,7000,7025,6950
06/07/2018,6975,7000,7025,6950
06/08/2018,6900,6875,6975,6875
06/20/2018,6950,6850,6950,6625
06/21/2018,6675,7100,7100,6675
06/22/2018,6600,6675,6675,6575
06/25/2018,6600,6700,6725,6575
06/26/2018,6700,6550,6800,6550
06/27/2018,6425,6725,6750,6425
06/28/2018,6350,6425,6475,6275
06/29/2018,6600,6400,6600,6375
07/02/2018,6250,6650,6650,6250
07/03/2018,6100,6250,6400,6100
07/04/2018,6250,6175,6425,6125
07/05/2018,6300,6200,6375,6200
07/06/2018,6300,6375,6375,6250
07/09/2018,6325,6350,6400,6250
07/10/2018,6350,6450,6550,6350
07/11/2018,6625,6300,6625,6275
07/12/2018,6675,6575,6700,6550
07/13/2018,6800,6750,6825,6650
07/16/2018,6700,6700,6725,6550
07/17/2018,6625,6550,6675,6500
07/18/2018,6650,6700,6750,6575
07/19/2018,6700,6650,6750,6650
07/20/2018,6675,6700,6750,6575
07/23/2018,6675,6750,6750,6675
07/24/2018,6650,6625,6750,6625
07/25/2018,6875,6725,6900,6650
07/26/2018,6675,6925,6950,6650
07/27/2018,6975,6700,7000,6700
07/30/2018,7100,7000,7100,6900
07/31/2018,7150,7050,7150,6975
08/01/2018,7475,7150,7475,7150
08/02/2018,7300,7500,7500,7300
08/03/2018,7125,7275,7300,7050
08/06/2018,7425,7250,7475,7200
08/07/2018,7375,7475,7475,7325
08/08/2018,7425,7400,7450,7325
08/09/2018,7500,7300,7525,7300
08/10/2018,7400,7450,7475,7325
08/13/2018,7100,7275,7275,7075
08/14/2018,6825,7075,7225,6825
08/15/2018,6975,6900,7050,6600
08/16/2018,7100,6975,7250,6850
08/20/2018,7400,7250,7400,7150
08/21/2018,7475,7400,7475,7325
08/23/2018,7425,7475,7525,7300
08/24/2018,7375,7375,7450,7275
08/27/2018,7575,7375,7600,7350
08/28/2018,7350,7575,7600,7350
08/29/2018,7475,7450,7550,7375
08/30/2018,7475,7500,7500,7350
08/31/2018,7250,7400,7400,7200
09/03/2018,7100,7275,7275,7075
09/04/2018,7075,7100,7100,7000
09/05/2018,6775,6900,6950,6725
09/06/2018,6800,6675,6875,6600
09/07/2018,7175,6900,7175,6825
09/10/2018,7175,7125,7175,6975
09/12/2018,7125,7175,7275,7125
09/13/2018,7075,7275,7275,7000
09/14/2018,7225,7075,7225,7050
09/17/2018,6950,7125,7125,6950
09/18/2018,7025,6925,7125,6875
09/19/2018,7400,7100,7400,7100
09/20/2018,7500,7400,7575,7325
09/21/2018,7250,7475,7475,7225
09/24/2018,7125,7200,7225,7075
09/25/2018,7200,7100,7200,7075
09/26/2018,7350,7200,7425,7200
09/27/2018,7375,7225,7375,7200
09/28/2018,7350,7275,7450,7275
10/01/2018,7325,7225,7475,7225
10/02/2018,7200,7450,7450,7125
10/03/2018,7200,7250,7275,7175
10/04/2018,7075,7125,7150,7025
10/05/2018,6950,6975,7050,6900
10/08/2018,6850,6900,6975,6850
10/09/2018,7025,6975,7025,6850
10/10/2018,6950,7000,7050,6900
10/11/2018,6725,6800,6825,6700
10/12/2018,6850,6775,6925,6775
10/15/2018,6850,6850,6925,6825
10/16/2018,6975,6900,6975,6825
10/17/2018,7025,7075,7100,6975
10/18/2018,7025,7025,7025,6950
10/19/2018,7300,7000,7350,6975
10/22/2018,7275,7275,7300,7200
10/23/2018,7350,7200,7375,7125
10/24/2018,7300,7350,7450,7300
10/25/2018,7375,7100,7375,7100
10/26/2018,7425,7375,7425,7275
10/29/2018,7500,7475,7625,7450
10/30/2018,7700,7500,7750,7450
10/31/2018,7900,7725,7900,7700
11/01/2018,8050,7925,8050,7900
11/02/2018,8175,8150,8200,8050
11/05/2018,8250,8150,8250,8050
11/06/2018,8100,8250,8250,7975
11/07/2018,8225,8125,8325,8050
11/08/2018,8200,8300,8425,8150
11/09/2018,8175,8200,8250,8100
11/12/2018,7875,8050,8125,7875
11/13/2018,8000,7850,8100,7825
11/14/2018,8175,8200,8300,8100
11/15/2018,8525,8325,8525,8275
11/16/2018,8550,8500,8575,8400
11/19/2018,8500,8550,8550,8400
11/21/2018,8450,8300,8575,8275
11/22/2018,8450,8250,8475,8250
11/23/2018,8400,8400,8425,8300
11/26/2018,8325,8375,8425,8325
11/27/2018,8400,8225,8450,8225
11/28/2018,8400,8400,8400,8175
11/29/2018,8475,8450,8575,8400
11/30/2018,8550,8575,8625,8375
12/03/2018,8600,8700,8775,8525
12/04/2018,8525,8600,8600,8425
12/05/2018,8325,8400,8475,8250
12/06/2018,8100,8200,8250,8050
12/07/2018,8225,8100,8275,8075
12/10/2018,8150,8075,8175,8050
12/11/2018,8150,8150,8250,8150
12/12/2018,8250,8275,8275,8200
12/13/2018,8450,8300,8625,8275
12/14/2018,8450,8500,8500,8400
12/17/2018,8300,8450,8450,8250
12/18/2018,8375,8200,8375,8200
12/19/2018,8425,8350,8450,8325
12/20/2018,8475,8325,8525,8325
12/21/2018,8425,8450,8450,8300
12/26/2018,8125,8250,8300,8125
12/27/2018,8225,8300,8325,8175
12/28/2018,8225,8275,8400,8225
01/02/2019,8200,8200,8275,8125
01/03/2019,8375,8100,8400,8100
01/04/2019,8350,8400,8450,8200
01/07/2019,8150,8450,8475,8150
01/08/2019,8175,8150,8225,8125
01/09/2019,8200,8225,8275,8150
01/10/2019,8200,8175,8200,7950
01/11/2019,8300,8300,8300,8225
01/14/2019,8150,8225,8225,8050
01/15/2019,8150,8150,8150,8050
01/16/2019,8250,8175,8250,8125
01/17/2019,8275,8250,8325,8200
01/18/2019,8475,8300,8475,8275
01/21/2019,8325,8475,8550,8300
01/22/2019,8200,8375,8375,8150
01/23/2019,8175,8200,8275,8175
01/24/2019,8425,8225,8450,8225
01/25/2019,8425,8475,8475,8275
01/28/2019,8375,8450,8450,8275
01/29/2019,8375,8375,8400,8275
01/30/2019,8350,8275,8375,8225
01/31/2019,8450,8375,8450,8325
02/01/2019,8450,8475,8500,8350
02/04/2019,8200,8450,8475,8175
02/06/2019,8225,8275,8350,8225
02/07/2019,8200,8225,8275,8150
02/08/2019,8150,8150,8225,8100
02/11/2019,8000,8125,8150,8000
02/12/2019,7650,8000,8000,7650
02/13/2019,7675,7700,7775,7550
02/14/2019,7600,7775,7775,7550
02/15/2019,7600,7650,7650,7525
02/18/2019,7875,7725,7925,7700
02/19/2019,7775,7800,7875,7725
02/20/2019,7775,7850,7875,7625
02/21/2019,7700,7700,7725,7650
02/22/2019,7625,7650,7700,7575
02/25/2019,7650,7625,7800,7575
02/26/2019,7600,7625,7675,7600
02/27/2019,7600,7650,7650,7525
02/28/2019,7150,7550,7550,7150
03/01/2019,7225,7250,7400,7225
03/04/2019,7150,7200,7275,7150
03/05/2019,7300,7125,7375,7025
03/06/2019,7325,7400,7400,7275
03/08/2019,7150,7200,7225,7150
03/11/2019,7175,7300,7300,7175
03/12/2019,7175,7250,7350,7175
03/13/2019,7100,7100,7150,7100
03/14/2019,7275,7125,7275,7125
03/15/2019,7225,7200,7375,7200
03/18/2019,7400,7300,7400,7275
03/19/2019,7300,7300,7325,7225
03/20/2019,7250,7300,7350,7225
03/21/2019,7250,7300,7325,7225
03/22/2019,7250,7275,7300,7225
03/25/2019,7050,7175,7175,7000
03/26/2019,7150,7100,7175,7075
03/27/2019,7100,7175,7200,7100
03/28/2019,7125,7150,7150,7050
03/29/2019,7325,7100,7325,7100
04/01/2019,7275,7375,7400,7275
04/02/2019,7450,7325,7450,7300
04/04/2019,7575,7500,7625,7500
04/05/2019,7600,7575,7650,7500
04/08/2019,7550,7600,7625,7375
04/09/2019,7700,7475,7750,7475
04/10/2019,7675,7725,7725,7625
04/11/2019,7550,7675,7675,7475
04/12/2019,7475,7450,7575,7450
04/15/2019,7600,7575,7625,7475
04/16/2019,7750,7550,7800,7550
04/18/2019,7850,7925,8025,7775
04/22/2019,7525,7850,7850,7500
04/23/2019,7650,7625,7675,7550
04/24/2019,7650,7625,7675,7600
04/25/2019,7550,7550,7600,7400
04/26/2019,7650,7475,7650,7475
04/29/2019,7600,7525,7700,7500
04/30/2019,7625,7650,7675,7575
05/02/2019,7475,7600,7675,7450
05/03/2019,7425,7475,7500,7400
05/06/2019,7425,7350,7450,7300
05/07/2019,7525,7400,7550,7375
05/08/2019,7400,7450,7475,7375
05/09/2019,7150,7325,7350,7125
05/10/2019,7175,7200,7225,7075
05/13/2019,7025,7100,7150,6975
05/14/2019,7000,6900,7050,6825
05/15/2019,6950,7075,7075,6875
05/16/2019,6775,6900,6950,6725
05/17/2019,6700,6900,6925,6700
05/20/2019,6900,6650,6925,6625
05/21/2019,7000,6925,7050,6925
05/22/2019,7000,7000,7025,6850
05/23/2019,7100,7000,7125,6975
05/24/2019,7175,7125,7200,7050
05/27/2019,7125,7175,7225,7100
05/28/2019,7075,7200,7200,7050
05/29/2019,7200,7075,7275,7050
05/31/2019,7450,7250,7450,7175
06/10/2019,7675,7575,7700,7550
06/11/2019,7625,7525,7675,7450
06/12/2019,7500,7500,7575,7450
06/13/2019,7500,7450,7525,7375
06/14/2019,7425,7500,7575,7400
06/17/2019,7375,7425,7450,7375
06/18/2019,7500,7425,7500,7400
06/19/2019,7650,7550,7650,7550
06/20/2019,7600,7575,7625,7500
06/21/2019,7450,7625,7625,7350
06/24/2019,7350,7375,7450,7300
06/25/2019,7350,7275,7400,7275
06/26/2019,7250,7375,7375,7225
06/27/2019,7375,7250,7425,7250
06/28/2019,7450,7400,7475,7350
07/01/2019,7375,7475,7500,7300
07/02/2019,7300,7400,7400,7250
07/03/2019,7275,7275,7350,7225
07/04/2019,7250,7300,7300,7200
07/05/2019,7150,7200,7250,7150
07/08/2019,7300,7225,7325,7175
07/09/2019,7275,7325,7325,7225
07/10/2019,7450,7325,7450,7300
07/11/2019,7525,7475,7525,7425
07/12/2019,7450,7500,7500,7400
07/15/2019,7425,7500,7500,7400
07/16/2019,7450,7450,7475,7400
07/17/2019,7100,7400,7400,7100
07/18/2019,7150,7100,7200,7075
07/19/2019,7100,7175,7200,7075
07/22/2019,7100,7100,7150,7050
07/23/2019,7150,7150,7200,7125
07/24/2019,7175,7225,7250,7175
07/25/2019,7300,7225,7300,7175
07/26/2019,7075,7175,7175,7075
07/29/2019,7175,7075,7175,7050
07/30/2019,7275,7175,7275,7175
07/31/2019,7000,7150,7200,7000
08/01/2019,7025,7000,7075,6975
08/02/2019,7075,6950,7100,6950
08/05/2019,6925,6975,7025,6900
08/06/2019,6750,6800,6900,6750
08/07/2019,6725,6750,6850,6725
08/08/2019,6900,6750,6950,6750
08/09/2019,6775,6900,6950,6775
08/12/2019,6750,6850,6850,6725
08/13/2019,6675,6750,6750,6600
08/14/2019,6675,6725,6750,6600
08/15/2019,6525,6600,6625,6500
08/16/2019,6500,6575,6600,6500
08/19/2019,6425,6600,6600,6425
08/20/2019,6425,6475,6500,6375
08/21/2019,6350,6425,6500,6350
08/22/2019,6325,6375,6400,6250
08/23/2019,6575,6350,6575,6275
08/26/2019,6575,6475,6650,6425
08/27/2019,6525,6625,6625,6500
08/28/2019,6450,6525,6575,6425
08/29/2019,6425,6475,6500,6425
08/30/2019,6675,6500,6750,6475
09/02/2019,6550,6725,6725,6550
09/03/2019,6475,6600,6600,6400
09/04/2019,6500,6475,6500,6375
09/05/2019,6700,6575,6700,6525
09/06/2019,6750,6725,6750,6650
09/09/2019,6650,6750,6750,6625
09/10/2019,6675,6675,6725,6600
09/11/2019,6925,6700,6925,6675
09/12/2019,6750,6900,6925,6750
09/13/2019,6750,6850,6875,6725
09/16/2019,6700,6750,6775,6575
09/17/2019,6475,6700,6725,6475
09/18/2019,6700,6525,6700,6500
09/19/2019,6600,6725,6725,6575
09/20/2019,6575,6575,6600,6525
09/23/2019,6625,6575,6625,6550
09/24/2019,6475,6575,6625,6450
09/25/2019,6500,6400,6500,6400
09/26/2019,6700,6575,6700,6525
09/27/2019,6650,6700,6700,6600
09/30/2019,6600,6650,6675,6575
10/01/2019,6550,6550,6625,6550
10/02/2019,6450,6500,6550,6450
10/03/2019,6475,6400,6500,6300
10/04/2019,6425,6550,6550,6400
10/07/2019,6325,6400,6450,6300
10/08/2019,6350,6325,6400,6275
10/09/2019,6275,6300,6350,6250
10/10/2019,6275,6275,6350,6250
10/11/2019,6475,6275,6475,6275
10/14/2019,6425,6550,6600,6375
10/15/2019,6400,6400,6425,6350
10/16/2019,6375,6400,6425,6300
10/17/2019,6625,6350,6625,6325
10/18/2019,6700,6650,6750,6550
10/21/2019,6725,6700,6750,6600
10/22/2019,6750,6750,6750,6550
10/23/2019,6750,6700,6775,6650
10/24/2019,6950,6800,6975,6750
10/25/2019,6800,6950,6975,6775
10/28/2019,6900,6800,6900,6775
10/29/2019,6975,6875,6975,6875
10/30/2019,6950,7000,7000,6875
10/31/2019,6950,6950,6975,6825
11/01/2019,6800,6975,6975,6725
11/04/2019,6700,6800,6825,6700
11/05/2019,6900,6775,6950,6750
11/06/2019,6850,6975,6975,6825
11/07/2019,6725,6925,6925,6650
11/08/2019,6625,6700,6700,6550
11/11/2019,6650,6650,6650,6550
11/12/2019,6775,6650,6800,6550
11/13/2019,6725,6775,6775,6675
11/14/2019,6575,6675,6700,6550
11/15/2019,6525,6650,6650,6475
11/18/2019,6600,6525,6600,6525
11/19/2019,6650,6650,6700,6575
11/20/2019,6625,6600,6675,6550
11/21/2019,6600,6550,6650,6525
11/22/2019,6625,6600,6650,6575
11/25/2019,6500,6600,6600,6475
11/26/2019,6350,6575,6575,6350
11/27/2019,6425,6400,6475,6350
11/28/2019,6400,6425,6425,6350
11/29/2019,6500,6400,6575,6375
12/02/2019,6650,6500,6650,6500
12/03/2019,6525,6650,6675,6525
12/04/2019,6550,6500,6575,6475
12/05/2019,6700,6600,6700,6550
12/06/2019,6775,6675,6775,6625
12/09/2019,6675,6775,6775,6625
12/10/2019,6650,6625,6750,6625
12/11/2019,6550,6675,6675,6550
12/12/2019,6550,6575,6600,6550
12/13/2019,6850,6700,6900,6700
12/16/2019,6975,6900,7025,6875
12/17/2019,6950,6975,7000,6875
12/18/2019,6900,6875,6925,6750
12/19/2019,6850,6875,6900,6775
12/20/2019,6925,6850,6925,6750
12/23/2019,6900,7000,7000,6775
12/26/2019,6875,6800,6950,6800
12/27/2019,6925,6925,6925,6850
12/30/2019,6925,6925,6950,6850
01/02/2020,6875,6925,6925,6775
01/03/2020,6950,6925,6950,6825
01/06/2020,6750,6900,6900,6750
01/07/2020,6775,6800,6825,6675
01/08/2020,6775,6700,6825,6700
01/09/2020,6875,6800,6875,6750
01/10/2020,6825,6900,6925,6825
01/13/2020,6925,6850,6925,6825
01/14/2020,7175,6975,7175,6925
01/15/2020,7200,7150,7250,7025
01/16/2020,7125,7125,7200,7075
01/17/2020,7075,7075,7150,7000
01/20/2020,7000,7100,7125,6975
01/21/2020,7025,7025,7025,6925
01/22/2020,7000,7025,7075,6975
01/23/2020,7050,7050,7100,7000
01/24/2020,6975,7000,7050,6975
01/27/2020,6725,6975,6975,6700
01/28/2020,6825,6675,6825,6650
01/29/2020,6825,6850,6850,6750
01/30/2020,6625,6775,6800,6625
01/31/2020,6350,6650,6675,6350
02/03/2020,6275,6275,6425,6250
02/04/2020,6400,6350,6450,6300
02/05/2020,6400,6450,6500,6300
02/06/2020,6500,6500,6525,6425
02/07/2020,6400,6550,6550,6400
02/10/2020,6200,6400,6400,6175
02/11/2020,6100,6300,6300,6050
02/12/2020,5975,6075,6100,5925
02/13/2020,5950,5975,6025,5925
02/14/2020,6100,5975,6100,5925
02/17/2020,6100,6150,6175,6050
02/18/2020,6100,6050,6200,6050
02/19/2020,6250,6175,6250,6150
02/20/2020,6275,6275,6275,6125
02/21/2020,6200,6275,6300,6150
02/24/2020,6100,6050,6150,6025
02/25/2020,6225,6000,6275,5975
02/26/2020,6050,6100,6150,6050
02/27/2020,5950,6100,6100,5950
02/28/2020,5525,5850,5850,5525
03/02/2020,5700,5700,5850,5625
03/03/2020,5900,5850,5975,5775
03/04/2020,5975,5900,6025,5875
03/05/2020,6050,6025,6050,5875
03/06/2020,5675,5950,5950,5675
03/09/2020,5025,5500,5500,5025
03/10/2020,5150,5100,5325,5100
03/11/2020,5125,5150,5175,5050
03/12/2020,4910,5000,5025,4820
03/13/2020,4870,4910,4960,4570
03/16/2020,4590,4770,4770,4530
03/17/2020,4270,4590,4600,4270
03/18/2020,4150,4290,4350,3980
03/19/2020,3860,4020,4020,3860
03/20/2020,3780,3890,3900,3590
03/23/2020,3520,3780,3780,3520
03/24/2020,3280,3570,3610,3280
03/26/2020,3620,3220,3680,3220
03/27/2020,4080,3650,4360,3650
03/30/2020,3800,4080,4080,3800
03/31/2020,3900,3880,3980,3740
04/01/2020,3770,3880,4090,3650
04/02/2020,3930,3670,3930,3580
04/03/2020,3900,3990,4050,3860
04/06/2020,4030,3920,4040,3880
04/07/2020,4060,4060,4250,3960
04/08/2020,3850,4000,4030,3810
04/09/2020,4090,3870,4120,3870
04/13/2020,3960,4090,4150,3920
04/14/2020,3960,3960,4030,3920
04/15/2020,3820,4000,4000,3800
04/16/2020,3620,3780,3780,3620
04/17/2020,3800,3680,3840,3680
04/20/2020,3720,3800,3830,3710
04/21/2020,3640,3710,3740,3610
04/22/2020,3640,3600,3660,3450
04/23/2020,3760,3700,3790,3650
04/24/2020,3630,3760,3760,3610
04/27/2020,3710,3670,3760,3570
04/28/2020,3740,3750,3790,3630
04/29/2020,3690,3770,3780,3650
04/30/2020,3850,3750,3860,3720
05/04/2020,3610,3750,3750,3610
05/05/2020,3610,3630,3660,3580
05/06/2020,3640,3610,3680,3580
05/08/2020,3740,3690,3740,3600
05/11/2020,3920,3760,3920,3750
05/12/2020,3820,3920,3920,3780
05/13/2020,3730,3820,3820,3710
05/14/2020,3570,3700,3710,3530
05/15/2020,3710,3590,3720,3560
05/18/2020,3910,3720,3950,3710
05/19/2020,3950,4000,4040,3940
05/20/2020,3970,3950,3980,3870
05/26/2020,4330,3970,4360,3970
05/27/2020,4350,4350,4390,4220
05/28/2020,4540,4370,4580,4350
05/29/2020,4770,4520,4770,4470
06/02/2020,4730,4760,4950,4630
06/03/2020,4890,4750,4950,4680
06/04/2020,4760,4950,4960,4740
06/05/2020,5000,4780,5025,4670
06/08/2020,5025,5250,5250,4990
06/09/2020,5000,5100,5125,4980
06/10/2020,4850,5025,5025,4650
06/11/2020,4700,4840,4840,4660
06/12/2020,4790,4590,4820,4400
06/15/2020,4740,4800,4850,4700
06/16/2020,4970,4800,5000,4800
06/17/2020,4970,4990,5000,4910
06/18/2020,4800,4970,4970,4800
06/19/2020,4890,4830,4910,4800
06/22/2020,4890,4930,4940,4850
06/23/2020,4900,4890,4940,4850
06/24/2020,5000,4920,5050,4900
06/25/2020,4900,4840,4920,4800
06/26/2020,4900,4950,4950,4900
06/29/2020,4800,4900,4900,4750
06/30/2020,4800,4840,4880,4800
07/01/2020,4810,4800,4860,4770
07/02/2020,4870,4830,4890,4810
07/03/2020,4850,4880,4910,4840
07/06/2020,4840,4860,4900,4840
07/07/2020,4830,4900,4910,4800
07/08/2020,4910,4840,4930,4770
07/09/2020,4900,4930,5000,4880
07/10/2020,4830,4880,4920,4830
07/13/2020,4900,4850,4910,4850
07/14/2020,4950,4900,4950,4880
07/15/2020,5150,4990,5200,4970
07/16/2020,5250,5150,5350,5150
07/17/2020,5200,5300,5300,5200
07/20/2020,5100,5200,5225,5025
07/21/2020,5375,5100,5450,5100
07/22/2020,5300,5375,5400,5200
07/23/2020,5175,5300,5325,5125
07/24/2020,5050,5175,5175,5000
07/27/2020,5125,5075,5150,5025
07/28/2020,5175,5175,5225,5100
07/29/2020,5075,5175,5225,5050
07/30/2020,5150,5025,5225,5000
08/03/2020,4880,5100,5150,4860
08/04/2020,4960,4900,4960,4900
08/05/2020,5050,4970,5100,4950
08/06/2020,5225,5075,5225,5050
08/07/2020,5275,5225,5300,5100
08/10/2020,5125,5275,5275,5125
08/11/2020,5225,5175,5250,5150
08/12/2020,5400,5225,5400,5175
08/13/2020,5400,5450,5550,5375
08/14/2020,5375,5400,5450,5350
08/18/2020,5375,5325,5450,5300
08/19/2020,5300,5425,5425,5250
08/24/2020,5300,5300,5350,5250
08/25/2020,5300,5325,5375,5300
08/26/2020,5350,5400,5400,5275
08/27/2020,5300,5375,5400,5250
08/28/2020,5325,5300,5325,5275
08/31/2020,5100,5325,5350,5100
09/01/2020,5250,5175,5250,5100
09/02/2020,5300,5300,5350,5200
09/03/2020,5175,5350,5350,5125
09/04/2020,5050,5100,5150,5025
09/07/2020,5025,5050,5075,4950
09/08/2020,5125,5025,5125,5025
09/09/2020,4900,5025,5025,4900
09/10/2020,4560,4560,4610,4560
09/11/2020,4630,4350,4700,4310
09/14/2020,4790,4780,4830,4700
09/15/2020,4820,4850,4870,4770
09/16/2020,4780,4850,4860,4780
09/17/2020,4860,4770,4880,4770
09/18/2020,4780,4840,4870,4760
09/21/2020,4670,4790,4800,4620
09/22/2020,4670,4600,4740,4590
09/23/2020,4630,4680,4730,4590
09/24/2020,4600,4620,4650,4560
09/25/2020,4860,4610,4920,4610
09/28/2020,4740,4870,4910,4740
09/29/2020,4570,4760,4800,4560
09/30/2020,4460,4560,4570,4450
10/01/2020,4610,4490,4640,4490
10/02/2020,4590,4630,4640,4520
10/05/2020,4560,4600,4630,4540
10/06/2020,4620,4650,4660,4600
10/07/2020,4630,4590,4630,4560
10/08/2020,4750,4640,4770,4630
10/09/2020,4740,4720,4760,4700
10/12/2020,4700,4790,4810,4700
10/13/2020,4740,4700,4750,4650
10/14/2020,4820,4710,4860,4710
10/15/2020,4740,4820,4820,4740
10/16/2020,4930,4740,4930,4700
10/19/2020,5000,4930,5075,4880
10/20/2020,5175,4990,5175,4960
10/21/2020,5250,5200,5250,5175
10/22/2020,5250,5200,5275,5200
10/23/2020,5400,5300,5400,5250
10/26/2020,5400,5400,5450,5300
10/27/2020,5425,5300,5500,5300
11/02/2020,5400,5325,5425,5275
11/03/2020,5500,5450,5500,5425
11/04/2020,5400,5475,5500,5350
11/05/2020,5500,5500,5550,5425
11/06/2020,5825,5525,5875,5525
11/09/2020,5600,5800,5850,5600
11/10/2020,5750,5775,5850,5700
11/11/2020,6000,5850,6025,5850
11/12/2020,6000,5875,6025,5775
11/13/2020,5900,5900,5925,5850
11/16/2020,5925,5925,6000,5900
11/17/2020,5800,5950,5975,5800
11/18/2020,5775,5825,5875,5750
11/19/2020,5725,5750,5775,5725
11/20/2020,5725,5725,5825,5700
11/23/2020,5800,5725,5850,5725
11/24/2020,5800,5875,5875,5800
11/25/2020,5550,5825,5875,5550
11/26/2020,5650,5525,5675,5500
11/27/2020,5550,5650,5700,5525
11/30/2020,5300,5550,5575,5200
12/01/2020,5550,5425,5550,5400
12/02/2020,5725,5600,5750,5575
12/03/2020,5625,5725,5750,5600
12/04/2020,5700,5625,5725,5550
12/07/2020,5850,5800,5900,5725
12/08/2020,5700,5850,5875,5675
12/10/2020,5825,5800,5875,5750
12/11/2020,5675,5825,5875,5650
12/14/2020,5675,5725,5750,5650
12/15/2020,5950,5675,5975,5650
12/16/2020,6125,6000,6200,6000
12/17/2020,6200,6125,6200,6050
12/18/2020,6200,6250,6275,6175
12/21/2020,6150,6200,6225,6100
12/22/2020,6075,6100,6250,5950
12/23/2020,6000,6025,6100,5825
12/28/2020,6075,6175,6175,5950
12/29/2020,6050,6100,6175,6000
12/30/2020,6025,6100,6125,6025
01/04/2021,6225,6100,6250,6025
01/05/2021,6175,6225,6250,6150
01/06/2021,6150,6175,6225,5950
01/07/2021,6075,6175,6200,6075
01/08/2021,6425,6150,6475,6100
01/11/2021,6525,6500,6600,6475
01/12/2021,6525,6425,6650,6400
01/13/2021,6775,6600,6800,6500
01/14/2021,6775,6850,6925,6775
01/15/2021,6575,6800,6850,6525
01/18/2021,6675,6575,6700,6525
01/19/2021,6675,6775,6775,6575
01/20/2021,6675,6625,6775,6625
01/21/2021,6800,6800,6800,6725
01/22/2021,6700,6825,6850,6600
01/25/2021,6475,6650,6650,6325
01/26/2021,6350,6475,6575,6300
01/27/2021,6275,6350,6350,6150
01/28/2021,6275,6150,6450,6150
01/29/2021,6100,6300,6375,5950
02/01/2021,6025,5850,6075,5750
02/02/2021,5975,6150,6150,5875
02/03/2021,6150,6075,6275,5950
02/04/2021,6200,6225,6225,6125
02/05/2021,6100,6250,6250,6050
02/08/2021,6100,6200,6200,6075
02/09/2021,5825,6100,6200,5825
02/10/2021,5900,5850,5975,5825
02/11/2021,5850,5875,5950,5825
02/15/2021,5950,6100,6250,5950
02/16/2021,5925,5975,6000,5900
02/17/2021,5800,5900,5925,5750
02/18/2021,5725,5750,5875,5725
02/19/2021,5775,5725,5850,5725
02/22/2021,5700,5825,5850,5700
02/23/2021,5725,5700,5825,5700
02/24/2021,5625,5775,5850,5600
02/25/2021,5575,5700,5700,5475
02/26/2021,5400,5450,5525,5350
03/01/2021,5600,5500,5600,5450
03/02/2021,5575,5650,5675,5550
03/03/2021,5675,5625,5700,5525
03/04/2021,5575,5675,5700,5525
03/05/2021,5500,5525,5575,5475
03/08/2021,5550,5550,5625,5475
03/09/2021,5525,5550,5650,5400
03/10/2021,5425,5500,5525,5400
03/12/2021,5475,5550,5575,5450
03/15/2021,5525,5525,5625,5500
03/16/2021,5550,5600,5725,5550
03/17/2021,5575,5625,5650,5550
03/18/2021,5725,5675,5800,5625
03/19/2021,5775,5725,5775,5625
03/22/2021,5575,5750,5775,5550
03/23/2021,5575,5550,5675,5550
03/24/2021,5450,5575,5600,5450
03/25/2021,5450,5450,5525,5400
03/26/2021,5600,5525,5600,5475
03/29/2021,5525,5600,5650,5525
03/30/2021,5400,5475,5550,5400
03/31/2021,5275,5450,5450,5225
04/01/2021,5350,5350,5400,5325
04/05/2021,5350,5425,5450,5350
04/06/2021,5350,5375,5400,5300
04/07/2021,5325,5300,5350,5275
04/08/2021,5300,5375,5375,5300
04/09/2021,5275,5300,5400,5275
04/12/2021,5075,5250,5275,5050
04/13/2021,5075,5025,5175,5025
04/14/2021,5250,5150,5275,5100
04/15/2021,5250,5250,5275,5175
04/16/2021,5250,5300,5325,5200
04/19/2021,5200,5225,5250,5200
04/20/2021,5300,5150,5300,5150
04/21/2021,5225,5225,5275,5200
04/22/2021,5450,5225,5500,5225
04/23/2021,5625,5500,5650,5475
04/26/2021,5625,5625,5675,5600
04/27/2021,5525,5625,5650,5475
04/28/2021,5350,5400,5575,5325
04/29/2021,5425,5350,5475,5350
04/30/2021,5500,5450,5550,5375
05/03/2021,5425,5450,5500,5400
05/04/2021,5500,5500,5575,5425
05/05/2021,5525,5525,5600,5475
05/06/2021,5425,5600,5600,5400
05/07/2021,5325,5450,5475,5275
05/10/2021,5375,5350,5425,5350
05/11/2021,5225,5400,5425,5175
05/17/2021,5175,5300,5325,5125
05/18/2021,5150,5150,5200,5100
05/19/2021,5050,5100,5125,5025
05/20/2021,5175,5050,5200,5025
05/21/2021,5050,5175,5225,5050
05/24/2021,5100,5100,5150,5025
05/25/2021,5075,5100,5150,5050
05/27/2021,5150,5100,5225,5075
05/28/2021,5150,5175,5225,5125
05/31/2021,5250,5175,5300,5150
06/02/2021,5325,5350,5350,5275
06/03/2021,5350,5350,5350,5275
06/04/2021,5225,5325,5350,5200
06/07/2021,5250,5225,5300,5200
06/08/2021,5275,5300,5325,5200
06/09/2021,5325,5275,5350,5225
06/10/2021,5400,5400,5425,5325
06/11/2021,5275,5400,5425,5250
06/14/2021,5175,5350,5350,5150
06/15/2021,5150,5175,5200,5125
06/16/2021,5150,5200,5200,5125
06/17/2021,5100,5125,5150,5075
06/18/2021,5000,5075,5125,4900
06/21/2021,4920,4920,4970,4760
06/22/2021,4920,4920,5025,4900
06/23/2021,4930,4980,5025,4920
06/24/2021,4940,4930,4980,4910
06/25/2021,4920,4940,4980,4910
06/28/2021,4710,4920,4930,4710
06/29/2021,4840,4730,4920,4710
06/30/2021,4940,4830,5000,4820
07/01/2021,5025,4990,5100,4950
07/02/2021,5000,5025,5075,4980
07/05/2021,4940,5050,5075,4920
07/06/2021,4900,4970,4970,4890
07/07/2021,4900,4900,4990,4860
07/08/2021,4880,4930,4960,4850
07/09/2021,4910,4880,4920,4870
07/12/2021,4920,4910,4950,4880
07/13/2021,4900,4950,4960,4850
07/14/2021,4730,4920,4920,4730
07/15/2021,4810,4730,4840,4640
07/16/2021,4880,4840,4910,4820
07/19/2021,4780,4850,4870,4780
07/21/2021,4870,4780,4930,4780
07/22/2021,4980,4930,5025,4900
07/23/2021,4950,5000,5000,4910
07/26/2021,4770,4950,4970,4770
07/27/2021,4760,4770,4830,4730
07/28/2021,4710,4780,4790,4710
07/29/2021,4650,4720,4740,4650
07/30/2021,4720,4710,4840,4670
08/02/2021,4820,4730,4820,4730
08/03/2021,4940,4840,4970,4830
08/04/2021,4900,4970,4970,4870
08/05/2021,4890,4900,4930,4860
08/06/2021,4940,4940,4980,4880
08/09/2021,4860,4940,4950,4830
08/10/2021,4910,4900,4930,4840
08/12/2021,4940,4940,4960,4880
08/13/2021,5025,4960,5075,4960
08/16/2021,5075,5050,5075,4990
08/18/2021,5225,5100,5300,5075
08/19/2021,5150,5225,5275,5075
08/20/2021,5100,5150,5150,5000
08/23/2021,5100,5100,5150,5050
08/24/2021,5075,5175,5175,5050
08/25/2021,5150,5150,5200,5075
08/26/2021,5100,5200,5200,5050
08/27/2021,5050,5100,5100,5050
08/30/2021,5275,5100,5275,5100
08/31/2021,5225,5275,5300,5200
09/01/2021,5175,5225,5275,5100
09/02/2021,5250,5200,5250,5175
09/03/2021,5350,5250,5350,5200
09/06/2021,5425,5375,5450,5325
09/07/2021,5350,5425,5450,5300
09/08/2021,5250,5375,5375,5250
09/09/2021,5450,5250,5450,5250
09/10/2021,5425,5450,5475,5375
09/13/2021,5450,5425,5500,5350
09/14/2021,5525,5500,5550,5450
09/15/2021,5400,5525,5550,5375
09/16/2021,5375,5425,5475,5350
09/17/2021,5425,5375,5425,5275
09/20/2021,5300,5425,5425,5225
09/21/2021,5225,5275,5275,5150
09/22/2021,5275,5225,5350,5200
09/23/2021,5150,5275,5325,5150
09/24/2021,5150,5150,5225,5125
09/27/2021,5175,5150,5225,5125
09/28/2021,5075,5175,5200,5075
09/29/2021,5325,5075,5350,5050
09/30/2021,5500,5375,5500,5300
10/01/2021,5450,5450,5500,5400
10/04/2021,5575,5500,5625,5475
10/05/2021,5550,5575,5650,5500
10/06/2021,5975,5600,6100,5575
10/07/2021,5700,5975,6000,5700
10/08/2021,5900,5700,5975,5625
10/11/2021,5775,5925,5950,5775
10/12/2021,5875,5800,5950,5775
10/13/2021,6275,5950,6300,5925
10/14/2021,6225,6300,6450,6125
10/15/2021,6250,6275,6300,6125
10/18/2021,6225,6275,6350,6200
10/19/2021,6350,6275,6375,6200
10/21/2021,6150,6350,6350,6125
10/22/2021,6175,6150,6225,6125
10/25/2021,6050,6200,6225,6025
10/26/2021,6150,6050,6175,6050
10/27/2021,6000,6100,6125,6000
10/28/2021,6000,6000,6175,5950
10/29/2021,6025,6225,6250,6025
11/01/2021,6025,6050,6150,6025
11/02/2021,5900,6025,6100,5900
11/03/2021,5975,5900,6025,5825
11/04/2021,5975,6075,6075,5950
11/05/2021,5925,5900,5975,5850
11/08/2021,5925,5925,6000,5900
11/09/2021,5850,5900,5950,5850
11/10/2021,6175,5925,6250,5875
11/11/2021,6175,6200,6250,6150
11/12/2021,6150,6200,6225,6075
11/15/2021,6125,6150,6175,6050
11/16/2021,6175,6125,6250,6100
11/17/2021,6250,6225,6250,6175
11/18/2021,6200,6250,6250,6175
11/19/2021,6225,6225,6250,6200
11/22/2021,6200,6250,6375,6125
11/23/2021,6250,6250,6300,6175
11/24/2021,6225,6275,6275,6200
11/25/2021,6225,6250,6300,6175
11/26/2021,5900,6200,6225,5875
11/29/2021,5975,5900,6000,5750
11/30/2021,5775,5950,5975,5750
12/01/2021,5650,5825,5850,5625
12/02/2021,5850,5650,5875,5600
12/03/2021,5750,5900,5925,5725
12/06/2021,5650,5750,5800,5650
12/07/2021,5925,5700,5925,5700
12/08/2021,5800,5925,5950,5775
12/09/2021,6000,5900,6000,5800
12/10/2021,5925,5950,5950,5800
12/13/2021,5900,5925,5975,5875
12/14/2021,5875,5925,5925,5850
12/15/2021,6000,5900,6050,5875
12/16/2021,5800,6025,6050,5800
12/17/2021,5800,5800,5825,5725
12/20/2021,5675,5750,5775,5675
12/21/2021,5650,5675,5750,5650
12/22/2021,5625,5700,5775,5625
12/23/2021,5725,5650,5750,5625
12/24/2021,5675,5725,5750,5650
12/27/2021,5675,5725,5750,5650
12/28/2021,5725,5675,5750,5650
12/29/2021,5750,5750,5775,5675
12/30/2021,5700,5775,5775,5700
01/03/2022,5725,5675,5750,5625
01/04/2022,5775,5750,5875,5725
01/05/2022,5575,5725,5775,5550
01/06/2022,5675,5600,5675,5575
01/07/2022,5700,5725,5750,5650
01/10/2022,5650,5675,5725,5650
01/11/2022,5700,5700,5700,5650
01/12/2022,5725,5725,5725,5650
01/13/2022,5775,5725,5775,5675
01/14/2022,5725,5775,5800,5700
01/17/2022,5675,5775,5775,5650
01/18/2022,5650,5675,5725,5575
01/19/2022,5600,5650,5675,5575
01/20/2022,5525,5600,5625,5500
01/21/2022,5600,5525,5625,5500
01/24/2022,5525,5600,5625,5525
01/25/2022,5450,5500,5500,5375
01/26/2022,5450,5500,5500,5425
01/27/2022,5475,5425,5525,5400
01/28/2022,5475,5475,5525,5450
01/31/2022,5475,5475,5550,5450
02/02/2022,5500,5500,5525,5425
02/03/2022,5500,5500,5550,5450
02/04/2022,5500,5525,5525,5475
02/07/2022,5475,5500,5525,5450
02/08/2022,5550,5525,5700,5500
02/09/2022,5550,5550,5650,5475
02/10/2022,5450,5575,5625,5450
02/11/2022,5450,5450,5475,5400
02/14/2022,5300,5400,5425,5250
02/15/2022,5500,5300,5525,5300
02/16/2022,5475,5550,5600,5475
02/17/2022,5475,5500,5525,5425
02/18/2022,5600,5450,5625,5425
02/21/2022,5575,5625,5650,5550
02/22/2022,5575,5525,5575,5450
02/23/2022,5650,5575,5650,5525
02/24/2022,5700,5625,5775,5525
02/25/2022,5800,5700,5800,5650
03/01/2022,5700,5800,5950,5700
03/02/2022,5525,5650,5700,5500
03/04/2022,5625,5575,5675,5525
03/07/2022,5800,5600,5825,5550
03/08/2022,6250,6000,6550,5975
03/09/2022,6300,6500,6500,6225
03/10/2022,6250,6300,6300,6150
03/11/2022,6275,6175,6300,6125
03/14/2022,6375,6350,6425,6300
03/15/2022,6300,6425,6450,6275
03/16/2022,6400,6325,6400,6300
03/17/2022,6425,6400,6475,6350
03/18/2022,6400,6450,6450,6325
03/21/2022,6600,6450,6600,6450
03/22/2022,6575,6600,6600,6500
03/23/2022,6475,6575,6575,6450
03/24/2022,6575,6425,6575,6425
03/25/2022,6400,6550,6575,6375
03/28/2022,6700,6400,6775,6400
03/29/2022,6550,6600,6700,6550
03/30/2022,6650,6550,6650,6500
03/31/2022,6575,6675,6675,6575
04/01/2022,6700,6775,6775,6625
04/04/2022,6825,6775,6825,6675
04/05/2022,6900,6825,6900,6725
04/06/2022,7000,6825,7000,6800
04/07/2022,6900,6950,7000,6850
04/08/2022,7000,7000,7075,6900
04/11/2022,6850,6975,7000,6750
04/12/2022,6950,6875,6950,6825
04/13/2022,6975,6950,7000,6875
04/14/2022,6875,6975,7050,6875
04/18/2022,7000,6900,7050,6900
04/19/2022,6900,7050,7050,6800
04/20/2022,6900,6900,6975,6825
04/21/2022,7000,6925,7100,6900
04/22/2022,7050,6975,7100,6875
04/25/2022,7075,7050,7150,6875
04/26/2022,7200,7100,7200,7000
04/27/2022,7125,7175,7200,7050
04/28/2022,7575,7250,7700,7225
05/09/2022,7050,7425,7425,7050
05/10/2022,7000,6650,7000,6625
05/11/2022,6900,7025,7225,6900
05/12/2022,6850,6900,7025,6725
05/13/2022,7125,6900,7225,6850
05/17/2022,7000,7250,7300,7000
05/18/2022,7100,6975,7200,6925
05/19/2022,7000,6925,7125,6850
05/20/2022,7125,7050,7200,7050
05/23/2022,6950,7125,7175,6825
05/24/2022,7150,7025,7200,7025
05/25/2022,7100,7100,7175,7050
05/27/2022,7225,7200,7300,7150
05/30/2022,7250,7275,7275,7125
05/31/2022,7350,7250,7475,7250
06/02/2022,7325,7300,7500,7250
06/03/2022,7300,7350,7475,7300
06/06/2022,7225,7200,7250,7075
06/07/2022,7200,7300,7400,7200
06/08/2022,7175,7150,7350,7150
06/09/2022,7200,7150,7350,7150
06/10/2022,6925,7100,7175,6925
06/13/2022,7025,6900,7100,6725
06/14/2022,6975,6875,7000,6875
06/15/2022,6700,6975,6975,6700
06/16/2022,6850,6850,6950,6750
06/17/2022,6950,6675,6950,6675
06/20/2022,6925,6950,6975,6750
06/21/2022,6850,6900,6975,6850
06/22/2022,6800,6850,6925,6775
06/23/2022,6875,6850,6875,6750
06/24/2022,6675,6900,6900,6650
06/27/2022,6650,6700,6750,6550
06/28/2022,6700,6650,6700,6600
06/29/2022,6500,6625,6700,6500
06/30/2022,6625,6525,6650,6500
07/01/2022,6525,6675,6675,6500
07/04/2022,6500,6500,6575,6300
07/05/2022,6325,6500,6525,6325
07/06/2022,6075,6300,6400,6050
07/07/2022,5950,6025,6125,5900
07/08/2022,5975,6025,6075,5950
07/11/2022,6050,5975,6075,5925
07/12/2022,6100,6050,6150,6050
07/13/2022,5825,6100,6100,5825
07/14/2022,6100,5825,6100,5825
07/15/2022,5950,6000,6075,5925
07/18/2022,6025,5975,6025,5950
07/19/2022,6075,6025,6150,6025
07/20/2022,6275,6175,6275,6100
07/21/2022,6175,6200,6250,6050
07/22/2022,6075,6175,6175,6050
07/25/2022,6075,6050,6150,6050
07/26/2022,6100,6100,6125,6075
07/27/2022,6100,6125,6125,6000
07/28/2022,6050,6125,6150,6025
07/29/2022,6325,6150,6425,6125
08/01/2022,6475,6425,6550,6350
08/02/2022,6475,6475,6475,6275
08/03/2022,6600,6450,6600,6375
08/04/2022,6600,6700,6700,6450
08/05/2022,6625,6600,6650,6475
08/08/2022,6700,6625,6700,6525
08/09/2022,6750,6725,6825,6700
08/10/2022,6850,6775,6850,6600
08/11/2022,6950,6975,7000,6900
08/12/2022,6950,6950,7000,6850
08/15/2022,6875,6925,6950,6800
08/16/2022,6975,6875,7050,6875
08/18/2022,6975,6975,7000,6850
08/19/2022,6975,6975,7000,6900
08/22/2022,6925,6875,6925,6800
08/23/2022,6975,6900,7025,6850
08/24/2022,7050,6925,7050,6900
08/25/2022,6975,7050,7050,6950
08/26/2022,6875,6975,7025,6850
08/29/2022,6825,6800,6900,6750
08/30/2022,6900,6850,7025,6850
08/31/2022,6975,6875,6975,6775
09/01/2022,6925,6975,7025,6900
09/02/2022,6925,6950,7000,6875
09/05/2022,6875,6900,6925,6850
09/06/2022,6900,6875,6950,6850
09/07/2022,6650,6800,6875,6625
09/08/2022,6650,6650,6750,6625
09/09/2022,6775,6675,6775,6625
09/12/2022,6975,6775,6975,6725
09/13/2022,7200,7025,7225,6950
09/14/2022,7150,7100,7300,7050
09/15/2022,7050,7125,7225,7050
09/16/2022,6900,7000,7050,6900
09/19/2022,7125,6950,7225,6925
09/20/2022,7175,7150,7250,7100
09/21/2022,7150,7125,7200,7100
09/22/2022,7175,7025,7225,7000
09/23/2022,7150,7100,7175,7050
09/26/2022,6975,7000,7025,6850
09/27/2022,6950,7000,7050,6950
09/28/2022,6800,6950,7000,6800
09/29/2022,6775,6850,6900,6700
09/30/2022,6625,6700,6750,6600
10/03/2022,6625,6650,6700,6600
10/04/2022,6725,6725,6800,6700
10/05/2022,6675,6800,6825,6675
10/06/2022,6600,6675,6750,6600
10/07/2022,6475,6550,6575,6450
10/10/2022,6500,6425,6525,6375
10/11/2022,6525,6400,6575,6400
10/12/2022,6350,6450,6475,6350
10/13/2022,6350,6375,6400,6275
10/14/2022,6350,6500,6500,6350
10/17/2022,6425,6325,6525,6200
10/18/2022,6350,6450,6500,6350
10/19/2022,6525,6425,6525,6400
10/20/2022,6425,6500,6525,6400
10/21/2022,6575,6475,6675,6450
10/24/2022,6650,6575,6700,6575
10/25/2022,6700,6700,6700,6600
10/26/2022,6575,6700,6700,6575
10/27/2022,6650,6575,6675,6525
10/28/2022,6550,6650,6650,6500
10/31/2022,6650,6550,6650,6550
11/01/2022,6575,6650,6675,6475
11/02/2022,6425,6525,6550,6375
11/03/2022,6375,6375,6425,6350
11/04/2022,6425,6350,6425,6350
11/07/2022,6500,6425,6500,6425
11/08/2022,6525,6500,6525,6450
11/09/2022,6550,6525,6550,6475
11/10/2022,6525,6550,6550,6450
11/11/2022,6450,6600,6625,6450
11/14/2022,6300,6450,6475,6300
11/15/2022,6225,6300,6350,6200
11/16/2022,6175,6175,6200,6100
11/17/2022,6300,6200,6300,6050
11/18/2022,6225,6275,6300,6200
11/21/2022,6325,6275,6350,6250
11/22/2022,6225,6325,6350,6225
11/23/2022,6200,6275,6300,6200
11/24/2022,6200,6200,6275,6200
11/25/2022,6175,6175,6200,6125
11/28/2022,6225,6175,6275,6150
11/29/2022,6050,6125,6150,6025
11/30/2022,6050,6050,6200,6025
12/01/2022,6175,6100,6200,6100
12/02/2022,6125,6175,6175,6050
12/05/2022,6025,6075,6100,6000
12/06/2022,5875,6000,6025,5800
12/07/2022,5725,5800,5900,5700
12/08/2022,5675,5650,5800,5550
12/09/2022,5675,5700,5750,5650
12/12/2022,5675,5675,5725,5625
12/13/2022,5825,5700,5900,5675
12/14/2022,5825,5925,5950,5775
12/15/2022,5800,5825,5850,5750
12/16/2022,5775,5775,5800,5700
12/19/2022,5700,5850,5850,5650
12/20/2022,5700,5675,5750,5675
12/21/2022,5700,5700,5725,5650
12/22/2022,5775,5700,5775,5675
12/23/2022,5675,5750,5775,5650
12/26/2022,5650,5675,5725,5625
12/27/2022,5675,5700,5750,5650
12/28/2022,5625,5725,5725,5575
12/29/2022,5650,5600,5675,5550
12/30/2022,5700,5675,5750,5650
01/02/2023,5700,5725,5725,5625
01/03/2023,5650,5675,5700,5625
01/04/2023,5675,5650,5700,5625
01/05/2023,5375,5650,5700,5375
01/06/2023,5450,5400,5525,5350
01/09/2023,5350,5500,5500,5275
01/10/2023,5325,5375,5375,5275
01/11/2023,5225,5325,5350,5200
01/12/2023,5350,5200,5375,5200
01/13/2023,5450,5375,5500,5300
01/16/2023,5600,5525,5600,5475
01/17/2023,5550,5600,5650,5500
01/18/2023,5650,5550,5650,5550
01/19/2023,5850,5650,5875,5650
01/20/2023,5900,5875,5900,5775
01/24/2023,5925,5900,5950,5850
01/25/2023,5950,5900,5950,5850
01/26/2023,5900,5925,5950,5850
01/27/2023,5875,5925,5950,5875
01/30/2023,5875,5875,5900,5775
01/31/2023,6000,5925,6025,5900
02/01/2023,6000,6000,6000,5925
02/02/2023,5925,5950,5975,5875
02/03/2023,5875,5975,5975,5875
02/06/2023,5850,5875,5900,5825
02/07/2023,5875,5825,5925,5825
02/08/2023,5800,5875,5900,5775
02/09/2023,5675,5825,5850,5675
02/10/2023,5700,5600,5700,5550
02/13/2023,5725,5700,5750,5675
02/14/2023,5725,5750,5800,5700
02/15/2023,5675,5725,5725,5575
02/16/2023,5700,5700,5700,5625
02/17/2023,5675,5700,5725,5625
02/20/2023,5600,5675,5700,5575
02/21/2023,5575,5600,5650,5550
02/22/2023,5625,5550,5650,5550
02/23/2023,5650,5650,5700,5575
02/24/2023,5750,5675,5800,5650
02/27/2023,5800,5725,5800,5700
02/28/2023,6100,6200,6275,6100
03/01/2023,6150,6100,6175,6050
03/02/2023,6150,6150,6175,6075
03/03/2023,6050,6150,6150,6025
03/06/2023,6075,6100,6125,6050
03/07/2023,5950,6050,6075,5900
03/08/2023,5925,5900,5975,5875
03/09/2023,6025,5975,6050,5950
03/10/2023,5975,5975,6000,5900
03/13/2023,5925,5900,5975,5850
03/14/2023,5775,5900,5925,5750
03/15/2023,5775,5850,5875,5775
03/16/2023,5850,5775,5875,5675
03/17/2023,5850,5875,5925,5850
03/20/2023,5875,5850,5900,5800
03/21/2023,5875,5850,5975,5850
03/24/2023,5950,5925,6000,5900
03/27/2023,5875,5950,5975,5875
03/28/2023,5850,5900,5925,5850
03/29/2023,5950,5850,6050,5850
03/30/2023,5900,5975,5975,5900
03/31/2023,6000,5950,6025,5925
04/03/2023,6000,6050,6100,5975
04/04/2023,6025,6025,6050,5950
04/05/2023,6000,6025,6050,5975
04/06/2023,5925,6000,6000,5925
04/10/2023,5975,5950,5975,5875
04/11/2023,6075,5950,6100,5925
04/12/2023,6250,6150,6300,6125
04/13/2023,6250,6225,6275,6175
04/14/2023,6200,6275,6300,6200
04/17/2023,6225,6200,6275,6200
04/18/2023,6425,6275,6475,6275
04/26/2023,6700,6625,6700,6500
04/27/2023,6700,6675,6725,6625
04/28/2023,6750,6700,6750,6675
05/02/2023,6675,6775,6775,6600
05/03/2023,6625,6700,6725,6550
05/04/2023,6600,6600,6625,6550
05/05/2023,6150,6150,6150,6150
05/08/2023,6125,6150,6175,6050
05/09/2023,6325,6125,6325,6075
05/10/2023,6325,6350,6425,6300
05/11/2023,6250,6350,6350,6175
05/12/2023,6225,6225,6275,6175
05/15/2023,6350,6275,6350,6175
05/16/2023,6275,6350,6400,6250
05/17/2023,6325,6350,6350,6275
05/19/2023,6475,6400,6550,6350
05/22/2023,6600,6525,6650,6425
05/23/2023,6600,6600,6650,6550
05/24/2023,6675,6575,6675,6500
05/25/2023,6600,6700,6700,6525
05/26/2023,6600,6600,6600,6525
05/29/2023,6600,6625,6625,6475
05/30/2023,6500,6575,6600,6500
05/31/2023,6450,6500,6600,6450
06/05/2023,6825,6525,7000,6500
06/06/2023,6800,6800,6925,6750
06/07/2023,6800,6800,6850,6675
06/08/2023,6775,6725,6775,6700
06/09/2023,6800,6750,6800,6700
06/12/2023,6775,6800,6800,6675
06/13/2023,6750,6775,6825,6750
06/14/2023,6900,6750,6900,6750
06/15/2023,6875,6900,6900,6825
06/16/2023,6850,6850,6875,6775
06/19/2023,6875,6800,6875,6775
06/20/2023,6800,6825,6850,6775
06/21/2023,6925,6775,6975,6750
06/22/2023,6775,6875,6900,6775
06/23/2023,6775,6775,6825,6700
06/26/2023,6800,6800,6900,6775
06/27/2023,6775,6800,6850,6775
07/03/2023,6825,6775,6825,6750
07/04/2023,6775,6825,6825,6700
07/05/2023,6775,6775,6775,6700
07/06/2023,6800,6775,6800,6750
07/07/2023,6825,6775,6825,6750
07/10/2023,6775,6825,6825,6775
07/11/2023,6800,6775,6800,6750
07/12/2023,6775,6775,6825,6750
07/13/2023,6800,6775,6825,6750
07/14/2023,6750,6775,6825,6700
07/17/2023,6675,6750,6775,6675
07/18/2023,6575,6675,6700,6475
07/20/2023,6525,6575,6575,6450
07/21/2023,6450,6500,6525,6375
07/24/2023,6550,6400,6600,6400
07/25/2023,6500,6600,6625,6500
07/26/2023,6600,6575,6625,6500
07/27/2023,6525,6600,6600,6500
07/28/2023,6625,6500,6625,6475
07/31/2023,6850,6750,6950,6725
08/01/2023,6875,6875,6900,6800
08/02/2023,6850,6825,6850,6775
08/03/2023,6825,6800,6900,6775
08/04/2023,6800,6825,6850,6750
08/07/2023,6875,6825,6900,6750
08/08/2023,6850,6850,6900,6825
08/09/2023,6875,6850,6875,6825
08/10/2023,6750,6850,6875,6750
08/11/2023,6750,6750,6775,6650
08/14/2023,6800,6700,6800,6700
08/15/2023,6725,6725,6775,6675
08/16/2023,6750,6675,6750,6650
08/18/2023,6525,6675,6700,6500
08/21/2023,6475,6525,6550,6425
08/22/2023,6550,6450,6600,6450
08/23/2023,6550,6550,6600,6525
08/24/2023,6475,6550,6600,6475
08/25/2023,6450,6475,6500,6400
08/28/2023,6425,6500,6500,6400
08/29/2023,6400,6450,6450,6375
08/30/2023,6450,6450,6525,6400
08/31/2023,6450,6450,6475,6400
09/01/2023,6550,6475,6575,6475
09/04/2023,6600,6575,6600,6525
09/05/2023,6600,6600,6650,6550
09/06/2023,6525,6575,6625,6525
09/07/2023,6400,6475,6500,6350
09/08/2023,6400,6450,6450,6350
09/11/2023,6375,6400,6425,6300
09/12/2023,6300,6375,6375,6300
09/13/2023,6300,6325,6325,6225
09/14/2023,6325,6325,6375,6250
09/15/2023,6300,6250,6325,6200
09/18/2023,6300,6275,6325,6250
09/19/2023,6350,6300,6375,6275
09/20/2023,6300,6350,6400,6300
09/21/2023,6200,6300,6325,6200
09/22/2023,6200,6200,6275,6175
09/25/2023,6250,6225,6275,6200
09/26/2023,6200,6225,6300,6200
09/27/2023,6150,6200,6250,6125
09/29/2023,6225,6250,6275,6200
10/02/2023,6275,6275,6350,6250
10/03/2023,6200,6275,6300,6200
10/04/2023,6075,6175,6200,6050
10/05/2023,6025,6125,6175,6025
10/06/2023,6075,6050,6150,6050
10/09/2023,6125,6150,6225,6100
10/10/2023,6050,6175,6175,6050
10/11/2023,6050,6075,6125,6050
10/12/2023,5950,6000,6025,5950
10/13/2023,5975,6000,6025,5950
10/16/2023,5850,5925,5975,5825
10/17/2023,5850,5875,5925,5850
10/18/2023,5825,5850,6000,5825
10/19/2023,5725,5825,5850,5700
10/20/2023,5700,5675,5750,5650
10/23/2023,5600,5725,5750,5600
10/24/2023,5800,5600,5850,5600
10/25/2023,5775,5825,5925,5775
10/26/2023,5725,5775,5800,5675
10/27/2023,5725,5750,5775,5725
10/30/2023,5800,5750,5825,5675
10/31/2023,5775,5850,5900,5775
11/01/2023,5800,5900,6000,5800
11/02/2023,5800,5850,5900,5800
11/03/2023,5900,5850,5925,5825
11/06/2023,5925,5925,5950,5900
11/07/2023,5825,5925,5950,5775
11/08/2023,5725,5800,5825,5675
11/09/2023,5750,5775,5825,5725
11/10/2023,5775,5725,5775,5725
11/13/2023,5650,5825,5825,5650
11/14/2023,5675,5675,5725,5650
11/15/2023,5750,5750,5850,5700
11/16/2023,5825,5750,5825,5725
11/17/2023,5700,5800,5825,5700
11/20/2023,5800,5725,5850,5700
11/21/2023,5775,5800,5850,5750
11/22/2023,5675,5775,5775,5650
11/23/2023,5700,5675,5725,5675
11/24/2023,5725,5700,5750,5700
11/27/2023,5625,5725,5750,5600
11/28/2023,5550,5675,5675,5550
11/29/2023,5525,5600,5650,5525
11/30/2023,5400,5575,5575,5400
12/01/2023,5750,5450,5750,5450
12/04/2023,5750,5750,5825,5725
12/05/2023,5725,5775,5800,5675
12/06/2023,5725,5700,5825,5700
12/07/2023,5675,5750,5750,5600
12/08/2023,5675,5675,5700,5625
12/11/2023,5600,5650,5675,5525
12/12/2023,5575,5675,5675,5550
12/13/2023,5525,5550,5600,5525
12/14/2023,5625,5600,5650,5575
12/15/2023,5650,5625,5700,5600
12/18/2023,5600,5650,5650,5550
12/19/2023,5625,5625,5650,5600
12/20/2023,5625,5650,5700,5625
12/21/2023,5550,5600,5600,5475
12/22/2023,5550,5550,5600,5500
12/27/2023,5550,5550,5575,5500
12/28/2023,5600,5575,5600,5550
12/29/2023,5650,5600,5675,5575
01/02/2024,5700,5625,5700,5575
01/03/2024,5600,5700,5700,5600
01/04/2024,5700,5600,5750,5600
01/05/2024,5625,5725,5750,5625
01/08/2024,5575,5625,5675,5550
01/09/2024,5575,5600,5600,5525
01/10/2024,5525,5500,5575,5450
01/11/2024,5550,5550,5625,5525
01/12/2024,5600,5550,5625,5550
01/15/2024,5525,5600,5625,5500
01/16/2024,5500,5525,5525,5475
01/17/2024,5400,5500,5525,5350
01/18/2024,5375,5400,5400,5325
01/19/2024,5350,5375,5400,5300
01/22/2024,5225,5350,5425,5225
01/23/2024,5125,5150,5200,5075
01/24/2024,5075,5150,5175,4980
01/25/2024,5050,5075,5150,5025
01/26/2024,5075,5050,5075,4990
01/29/2024,4930,5075,5075,4910
01/30/2024,5100,4920,5175,4900
01/31/2024,5125,5125,5150,5050
02/01/2024,5125,5100,5175,5075
02/02/2024,5325,5150,5325,5125
02/05/2024,5175,5325,5350,5150
02/06/2024,5250,5175,5275,5150
02/07/2024,5325,5250,5325,5250
02/12/2024,5300,5300,5350,5225
02/13/2024,5200,5300,5300,5150
02/15/2024,5125,5325,5325,5075
02/16/2024,5200,5125,5200,5100
02/19/2024,5125,5200,5250,5075
02/20/2024,5200,5125,5250,5125
02/21/2024,5250,5200,5300,5175
02/22/2024,5275,5275,5300,5275
02/23/2024,5125,5250,5275,5100
02/26/2024,5125,5150,5200,5075
02/27/2024,5175,5125,5175,5050
02/28/2024,5225,5325,5425,5200
02/29/2024,5225,5250,5300,5200
03/01/2024,5225,5225,5275,5150
03/04/2024,5200,5250,5275,5175
03/05/2024,5100,5225,5225,5100
03/06/2024,5175,5125,5200,5100
03/07/2024,5125,5175,5200,5100
03/08/2024,5150,5150,5175,5125
03/13/2024,5150,5150,5200,5125
03/14/2024,5275,5175,5300,5150
03/15/2024,5175,5300,5300,5175
03/18/2024,5150,5200,5250,5150
03/19/2024,5225,5150,5250,5150
03/20/2024,5275,5225,5275,5225
03/21/2024,5350,5300,5400,5275
03/22/2024,5375,5375,5375,5325
03/25/2024,5350,5375,5425,5325
03/26/2024,5300,5350,5375,5250
03/27/2024,5275,5300,5325,5250
03/28/2024,5150,5275,5275,5100
04/01/2024,5200,5175,5225,5150
04/02/2024,5275,5225,5275,5175
04/03/2024,5250,5275,5275,5200
04/04/2024,5175,5250,5250,5150
04/05/2024,5275,5150,5325,5150
04/16/2024,5100,5175,5225,5100
04/17/2024,5125,5150,5175,5100
04/18/2024,5100,5150,5150,5050
04/19/2024,4900,5050,5075,4870
04/22/2024,4950,4940,4990,4940
04/23/2024,5025,4990,5075,4990
04/24/2024,4910,5000,5050,4910
04/25/2024,4950,4910,4980,4910
04/26/2024,4880,4980,4980,4880
04/29/2024,5025,4920,5050,4900
04/30/2024,5150,5050,5225,4980
05/02/2024,5175,5225,5275,5175
05/03/2024,5225,5225,5250,5200
05/06/2024,5100,5250,5250,5075
05/07/2024,5050,5100,5125,5025
05/08/2024,5125,5075,5150,5000
05/13/2024,5075,5150,5175,5075
05/14/2024,4580,4680,4690,4580
05/15/2024,4530,4570,4620,4530
05/16/2024,4710,4590,4720,4540
05/17/2024,4800,4710,4810,4690
05/20/2024,4740,4800,4830,4730
05/21/2024,4700,4750,4770,4700
05/22/2024,4710,4720,4730,4700
05/27/2024,4550,4700,4720,4550
05/28/2024,4510,4560,4600,4510
05/29/2024,4460,4800,4800,4370
05/30/2024,4320,4450,4450,4310
05/31/2024,4290,4340,4370,4290
06/03/2024,4500,4330,4530,4330
06/04/2024,4580,4510,4630,4480
06/05/2024,4600,4560,4640,4550
06/06/2024,4560,4620,4620,4530
06/07/2024,4560,4550,4570,4530
06/10/2024,4510,4560,4560,4500
06/11/2024,4350,4500,4500,4350
06/12/2024,4360,4350,4410,4290
06/13/2024,4460,4410,4480,4400
06/14/2024,4420,4480,4530,4410
06/19/2024,4450,4450,4510,4420
06/20/2024,4450,4440,4470,4360
06/21/2024,4490,4450,4530,4410
06/24/2024,4430,4480,4500,4410
06/25/2024,4400,4440,4440,4360
06/26/2024,4420,4400,4450,4370
06/27/2024,4430,4430,4440,4400
06/28/2024,4460,4430,4560,4430
07/01/2024,4620,4490,4620,4490
07/02/2024,4530,4610,4620,4510
07/03/2024,4570,4550,4580,4520
07/04/2024,4550,4580,4610,4550
07/05/2024,4580,4570,4610,4540
07/08/2024,4640,4600,4640,4560
07/09/2024,4560,4620,4620,4540
07/10/2024,4540,4570,4580,4520
07/11/2024,4510,4550,4600,4500
07/12/2024,4540,4510,4570,4500
07/15/2024,4470,4540,4550,4460
07/16/2024,4380,4480,4490,4380
07/17/2024,4460,4420,4470,4400
07/18/2024,4540,4470,4540,4460
07/19/2024,4530,4520,4540,4480
07/22/2024,4520,4530,4540,4480
07/23/2024,4450,4510,4530,4450
07/24/2024,4530,4470,4560,4460
07/25/2024,4490,4530,4530,4450
07/26/2024,4610,4500,4620,4500
07/29/2024,4610,4620,4630,4580
07/30/2024,4540,4610,4610,4520
07/31/2024,4720,4620,4730,4590
08/01/2024,4740,4700,4740,4660
08/02/2024,4690,4710,4740,4670
08/05/2024,4560,4640,4650,4520
08/06/2024,4610,4600,4620,4540
08/07/2024,4630,4600,4630,4560
08/08/2024,4740,4620,4750,4600
08/09/2024,4760,4760,4790,4730
08/12/2024,4760,4760,4780,4720
08/13/2024,4760,4800,4800,4740
08/14/2024,4890,4800,4930,4770
08/15/2024,4890,4890,4920,4840
08/16/2024,4970,4900,4990,4900
08/19/2024,5025,4970,5050,4940
08/20/2024,5125,5050,5150,5025
08/21/2024,5075,5150,5225,5075
08/22/2024,5000,5025,5050,4990
08/23/2024,5100,5050,5175,5050
08/26/2024,5150,5125,5200,5125
08/27/2024,5150,5150,5175,5075
08/28/2024,5025,5150,5150,5000
08/29/2024,5075,5050,5075,5000
08/30/2024,5100,5075,5125,5025
09/02/2024,5200,5100,5225,5100
09/03/2024,5125,5225,5225,5125
09/04/2024,5050,5050,5100,5025
09/05/2024,5075,5075,5125,5050
09/06/2024,5050,5050,5125,5050
09/09/2024,5025,5050,5100,5000
09/10/2024,5025,5075,5100,5000
09/11/2024,5025,5025,5050,5000
09/12/2024,5025,5025,5075,5025
09/13/2024,5075,5025,5075,5025
09/17/2024,5075,5075,5100,5025
09/18/2024,5250,5100,5275,5075
09/19/2024,5275,5275,5275,5200
09/20/2024,5225,5275,5275,5200
09/23/2024,5225,5250,5275,5225
09/24/2024,5275,5250,5275,5225
09/25/2024,5225,5300,5300,5150
09/26/2024,5250,5250,5275,5175
09/27/2024,5100,5275,5275,5050
09/30/2024,5050,5100,5100,5000
10/01/2024,5175,5100,5175,5075
10/02/2024,5150,5150,5150,5050
10/03/2024,5250,5175,5250,5100
10/04/2024,5150,5250,5250,5100
10/07/2024,5100,5150,5175,5075
10/08/2024,5225,5100,5225,5075
10/09/2024,5075,5225,5225,5075
10/10/2024,5125,5100,5125,5075
10/11/2024,5075,5125,5150,5075
10/14/2024,4930,5025,5025,4920
10/15/2024,4930,4930,4970,4900
10/16/2024,4960,4950,4960,4900
10/17/2024,4950,4950,4970,4930
10/18/2024,4920,4960,4960,4920
10/21/2024,5100,4950,5100,4930
10/22/2024,5275,5125,5275,5100
10/23/2024,5300,5275,5300,5175
10/24/2024,5275,5300,5300,5200
10/25/2024,5225,5275,5275,5200
10/28/2024,5250,5250,5250,5125
10/29/2024,5125,5250,5250,5125
10/30/2024,5200,5125,5200,5050
10/31/2024,5100,5300,5300,5100
11/01/2024,5075,5125,5175,5050
11/04/2024,5125,5075,5125,4980
11/05/2024,5175,5125,5200,5075
11/06/2024,5050,5175,5175,5025
11/07/2024,5000,5050,5075,5000
11/08/2024,4960,5050,5075,4950
11/11/2024,4970,4960,4990,4850
11/12/2024,4970,5000,5000,4930
11/13/2024,5025,5000,5025,4950
11/14/2024,4950,5025,5025,4930
11/15/2024,4940,4940,4960,4920
11/18/2024,4930,4950,4970,4910
11/19/2024,4970,4930,4970,4900
11/20/2024,5000,4970,5025,4950
11/21/2024,4890,4990,4990,4890
11/22/2024,4910,4900,4960,4860
11/25/2024,5175,4950,5175,4940
11/26/2024,5150,5150,5200,5100
11/28/2024,5125,5200,5225,5125
11/29/2024,5100,5125,5125,5025
12/02/2024,4940,5100,5150,4900
12/03/2024,5125,4980,5125,4970
12/04/2024,5225,5100,5225,5075
12/05/2024,5200,5225,5225,5125
12/06/2024,5150,5150,5175,5050
12/09/2024,5225,5150,5225,5100
12/10/2024,5225,5200,5225,5150
12/11/2024,5250,5175,5250,5175
12/12/2024,5100,5150,5225,5050
12/13/2024,5125,5100,5150,5050
12/16/2024,5125,5075,5150,5000
12/17/2024,4980,5100,5150,4950
12/18/2024,5000,4980,5050,4960
12/19/2024,4880,4950,4950,4860
12/20/2024,4870,4880,4900,4850
12/23/2024,4950,4900,4950,4870
12/24/2024,4880,4940,4980,4880
12/27/2024,4930,4890,4940,4880
12/30/2024,4900,4930,4940,4880
