Tanggal;Terakhir;Pembukaan;Tertinggi;Terendah;Vol.;Perubahan%
01/01/19;1282,62;1283,13;1283,24;1282,62;;-0,02%
02/01/19;1284,77;1281,62;1288,69;1278,33;;0,17%
03/01/19;1293,99;1285,12;1295,27;1284,16;;0,72%
04/01/19;1284,92;1294,06;1298,51;1276,49;;-0,70%
07/01/19;1288,67;1285,78;1295,14;1282,29;;0,29%
08/01/19;1285,35;1289,13;1290,69;1279,20;;-0,26%
09/01/19;1293,13;1285,36;1293,95;1279,63;;0,61%
10/01/19;1286,38;1293,11;1297,14;1285,81;;-0,52%
11/01/19;1288,00;1286,72;1295,65;1286,25;;0,13%
14/01/19;1291,73;1287,16;1295,90;1287,16;;0,29%
15/01/19;1289,31;1291,76;1294,70;1286,37;;-0,19%
16/01/19;1293,52;1289,13;1295,02;1287,59;;0,33%
17/01/19;1291,90;1293,99;1295,84;1288,96;;-0,13%
18/01/19;1281,49;1292,18;1292,86;1280,64;;-0,81%
21/01/19;1280,28;1281,75;1284,29;1277,06;;-0,09%
22/01/19;1285,04;1279,73;1285,84;1277,25;;0,37%
23/01/19;1282,39;1285,34;1286,92;1278,38;;-0,21%
24/01/19;1280,94;1282,74;1285,15;1276,97;;-0,11%
25/01/19;1303,22;1280,94;1303,69;1279,39;;1,74%
28/01/19;1303,53;1303,49;1304,49;1297,26;;0,02%
29/01/19;1311,93;1303,53;1312,05;1302,12;;0,64%
30/01/19;1319,91;1312,27;1323,74;1308,81;;0,61%
31/01/19;1320,94;1320,18;1326,68;1317,55;;0,08%
01/02/19;1318,00;1320,95;1323,58;1315,66;;-0,22%
04/02/19;1311,75;1317,55;1318,80;1308,26;;-0,47%
05/02/19;1315,01;1311,75;1316,86;1310,30;;0,25%
06/02/19;1306,22;1315,03;1315,88;1305,38;;-0,67%
07/02/19;1310,09;1305,87;1311,99;1302,17;;0,30%
08/02/19;1314,07;1310,14;1315,72;1307,23;;0,30%
11/02/19;1308,33;1314,22;1314,88;1303,58;;-0,44%
12/02/19;1310,89;1308,55;1315,12;1306,64;;0,20%
13/02/19;1306,19;1310,88;1318,19;1304,50;;-0,36%
14/02/19;1312,55;1306,16;1314,43;1302,63;;0,49%
15/02/19;1321,41;1312,98;1322,98;1311,16;;0,68%
18/02/19;1326,90;1321,95;1328,39;1321,11;;0,42%
19/02/19;1341,16;1325,90;1341,87;1322,33;;1,07%
20/02/19;1338,49;1341,25;1346,81;1336,63;;-0,20%
21/02/19;1323,49;1338,89;1341,88;1322,24;;-1,12%
22/02/19;1327,80;1323,52;1333,17;1321,16;;0,33%
25/02/19;1327,12;1328,57;1332,59;1325,03;;-0,05%
26/02/19;1328,96;1327,44;1330,59;1323,61;;0,14%
27/02/19;1319,88;1328,91;1329,63;1316,51;;-0,68%
28/02/19;1313,05;1320,18;1327,42;1312,54;;-0,52%
01/03/19;1293,56;1312,81;1315,33;1290,16;;-1,48%
04/03/19;1286,66;1293,62;1297,11;1282,75;;-0,53%
05/03/19;1287,43;1286,67;1289,75;1280,95;;0,06%
06/03/19;1286,76;1287,62;1291,07;1283,45;;-0,05%
07/03/19;1285,74;1286,71;1289,06;1281,16;;-0,08%
08/03/19;1298,39;1285,91;1300,99;1285,29;;0,98%
11/03/19;1294,25;1298,70;1299,27;1290,15;;-0,32%
12/03/19;1302,01;1293,71;1302,19;1292,06;;0,60%
13/03/19;1309,28;1302,01;1311,33;1300,56;;0,56%
14/03/19;1296,28;1309,61;1310,46;1292,75;;-0,99%
15/03/19;1301,38;1295,74;1306,58;1293,66;;0,39%
18/03/19;1303,70;1301,64;1306,78;1298,12;;0,18%
19/03/19;1306,55;1303,45;1311,07;1302,45;;0,22%
20/03/19;1312,48;1305,61;1316,83;1298,50;;0,45%
21/03/19;1309,45;1312,64;1320,47;1303,25;;-0,23%
22/03/19;1313,38;1309,14;1315,08;1306,81;;0,30%
25/03/19;1321,90;1313,05;1324,43;1310,80;;0,65%
26/03/19;1315,51;1321,51;1323,24;1312,51;;-0,48%
27/03/19;1309,87;1315,81;1319,57;1308,07;;-0,43%
28/03/19;1290,55;1309,85;1312,63;1288,70;;-1,47%
29/03/19;1292,15;1290,14;1299,82;1286,60;;0,12%
01/04/19;1287,66;1291,33;1297,04;1286,50;;-0,35%
02/04/19;1293,15;1287,55;1293,15;1285,16;;0,43%
03/04/19;1289,90;1292,21;1294,67;1288,20;;-0,25%
04/04/19;1292,38;1289,95;1294,36;1280,84;;0,19%
05/04/19;1291,70;1292,46;1293,77;1284,46;;-0,05%
08/04/19;1297,41;1291,65;1303,86;1291,35;;0,44%
09/04/19;1304,13;1297,24;1306,34;1296,55;;0,52%
10/04/19;1308,05;1303,96;1310,75;1300,89;;0,30%
11/04/19;1292,60;1307,95;1309,36;1289,45;;-1,18%
12/04/19;1290,40;1292,30;1296,05;1290,11;;-0,17%
15/04/19;1287,88;1290,45;1292,01;1282,21;;-0,20%
16/04/19;1276,57;1287,91;1289,00;1273,10;;-0,88%
17/04/19;1274,14;1276,86;1280,06;1272,93;;-0,19%
18/04/19;1275,39;1273,38;1277,95;1271,02;;0,10%
22/04/19;1274,92;1275,83;1279,96;1273,45;;-0,04%
23/04/19;1272,40;1275,26;1276,66;1266,15;;-0,20%
24/04/19;1275,36;1272,31;1278,74;1268,55;;0,23%
25/04/19;1277,35;1275,60;1282,78;1273,50;;0,16%
26/04/19;1286,25;1277,42;1288,99;1276,05;;0,70%
29/04/19;1279,80;1286,40;1286,81;1277,78;;-0,50%
30/04/19;1283,60;1279,98;1286,39;1279,54;;0,30%
01/05/19;1276,61;1283,46;1287,21;1272,99;;-0,54%
02/05/19;1270,54;1276,81;1278,18;1266,10;;-0,48%
03/05/19;1279,19;1270,61;1282,67;1268,81;;0,68%
06/05/19;1280,33;1281,06;1285,76;1276,60;;0,09%
07/05/19;1285,15;1281,55;1286,74;1278,50;;0,38%
08/05/19;1280,93;1284,16;1291,79;1279,35;;-0,33%
09/05/19;1284,14;1280,49;1288,52;1279,41;;0,25%
10/05/19;1286,00;1284,36;1289,73;1283,21;;0,14%
13/05/19;1299,90;1286,56;1301,35;1281,60;;1,08%
14/05/19;1297,03;1300,11;1303,51;1293,33;;-0,22%
15/05/19;1296,66;1297,17;1301,02;1292,70;;-0,03%
16/05/19;1286,65;1296,75;1298,92;1283,95;;-0,77%
17/05/19;1277,55;1286,50;1289,29;1274,91;;-0,71%
20/05/19;1277,74;1277,80;1279,14;1273,47;;0,01%
21/05/19;1274,97;1277,95;1278,06;1269,22;;-0,22%
22/05/19;1273,62;1274,61;1277,42;1272,15;;-0,11%
23/05/19;1283,45;1273,80;1287,63;1272,58;;0,77%
24/05/19;1284,89;1283,40;1285,42;1280,45;;0,11%
27/05/19;1285,20;1285,80;1287,72;1283,80;;0,02%
28/05/19;1279,49;1285,59;1286,86;1276,07;;-0,44%
29/05/19;1279,60;1279,71;1285,77;1278,87;;0,01%
30/05/19;1288,85;1279,71;1289,22;1274,79;;0,72%
31/05/19;1305,65;1288,35;1307,04;1288,09;;1,30%
03/06/19;1325,17;1307,55;1328,30;1306,70;;1,50%
04/06/19;1325,28;1325,05;1329,38;1319,98;;0,01%
05/06/19;1330,18;1325,50;1344,26;1324,60;;0,37%
06/06/19;1335,55;1332,36;1340,43;1327,80;;0,40%
07/06/19;1340,70;1335,60;1348,48;1330,08;;0,39%
10/06/19;1328,13;1335,96;1337,84;1324,90;;-0,94%
11/06/19;1326,91;1328,26;1330,06;1319,60;;-0,09%
12/06/19;1333,55;1326,78;1338,62;1326,18;;0,50%
13/06/19;1342,35;1334,00;1343,43;1332,27;;0,66%
14/06/19;1341,58;1341,55;1358,29;1337,83;;-0,06%
17/06/19;1339,54;1341,91;1343,38;1332,70;;-0,15%
18/06/19;1346,48;1340,09;1354,60;1338,65;;0,52%
19/06/19;1360,27;1346,56;1362,50;1341,15;;1,02%
20/06/19;1388,18;1360,36;1393,24;1357,80;;2,05%
21/06/19;1399,05;1388,22;1411,18;1382,40;;0,78%
24/06/19;1419,55;1401,35;1421,30;1400,48;;1,47%
25/06/19;1423,25;1419,17;1439,03;1412,30;;0,26%
26/06/19;1408,75;1423,91;1424,06;1402,38;;-1,02%
27/06/19;1409,68;1409,56;1412,00;1400,25;;0,07%
28/06/19;1409,50;1409,56;1424,64;1406,81;;-0,01%
01/07/19;1384,31;1392,83;1397,56;1381,76;;-1,79%
02/07/19;1418,44;1383,40;1419,72;1383,40;;2,47%
03/07/19;1418,94;1419,95;1436,39;1412,48;;0,04%
04/07/19;1415,64;1419,80;1422,00;1410,59;;-0,23%
05/07/19;1399,95;1415,81;1424,36;1386,92;;-1,11%
08/07/19;1395,50;1399,95;1407,90;1391,75;;-0,32%
09/07/19;1397,90;1395,30;1399,90;1386,21;;0,17%
10/07/19;1419,00;1397,80;1419,20;1389,75;;1,51%
11/07/19;1404,00;1419,40;1426,40;1401,60;;-1,06%
12/07/19;1415,74;1403,85;1416,88;1403,06;;0,84%
15/07/19;1414,08;1415,90;1419,75;1407,76;;-0,12%
16/07/19;1406,33;1414,69;1418,43;1401,18;;-0,55%
17/07/19;1426,80;1406,41;1427,00;1399,95;;1,46%
18/07/19;1446,30;1426,90;1448,30;1414,66;;1,37%
19/07/19;1425,30;1446,38;1452,98;1420,29;;-1,45%
22/07/19;1425,12;1425,15;1429,83;1422,35;;-0,01%
23/07/19;1417,39;1425,15;1429,25;1414,20;;-0,54%
24/07/19;1425,90;1417,26;1429,30;1416,20;;0,60%
25/07/19;1414,53;1426,60;1433,86;1411,17;;-0,80%
26/07/19;1418,69;1414,59;1424,80;1413,77;;0,29%
29/07/19;1426,94;1419,04;1428,25;1416,86;;0,58%
30/07/19;1430,85;1426,71;1433,03;1421,91;;0,27%
31/07/19;1413,80;1430,91;1432,94;1411,35;;-1,19%
01/08/19;1445,31;1411,21;1445,81;1400,56;;2,23%
02/08/19;1440,70;1445,66;1448,05;1430,08;;-0,32%
05/08/19;1463,80;1440,60;1469,80;1436,90;;1,60%
06/08/19;1474,27;1464,20;1475,21;1456,65;;0,72%
07/08/19;1501,20;1474,25;1510,40;1472,36;;1,83%
08/08/19;1500,95;1501,95;1510,35;1490,74;;-0,02%
09/08/19;1497,24;1501,40;1508,40;1494,62;;-0,25%
12/08/19;1511,40;1497,51;1517,71;1487,68;;0,95%
13/08/19;1501,39;1510,61;1534,56;1481,31;;-0,66%
14/08/19;1516,34;1501,38;1524,10;1494,25;;1,00%
15/08/19;1523,20;1516,74;1526,76;1508,25;;0,45%
16/08/19;1514,15;1524,00;1527,80;1504,20;;-0,59%
19/08/19;1495,30;1511,00;1512,90;1492,40;;-1,24%
20/08/19;1507,10;1495,55;1508,39;1492,75;;0,79%
21/08/19;1502,30;1507,70;1508,40;1496,10;;-0,32%
22/08/19;1498,80;1502,10;1504,60;1491,70;;-0,23%
23/08/19;1526,85;1499,55;1530,43;1493,45;;1,87%
26/08/19;1526,35;1539,25;1554,91;1524,55;;-0,03%
27/08/19;1542,64;1526,25;1544,63;1524,75;;1,07%
28/08/19;1539,10;1541,69;1547,10;1531,50;;-0,23%
29/08/19;1527,70;1539,20;1550,70;1519,40;;-0,74%
30/08/19;1520,25;1527,60;1533,40;1517,51;;-0,49%
02/09/19;1530,59;1520,05;1533,77;1519,05;;0,68%
03/09/19;1547,00;1529,60;1549,80;1521,40;;1,07%
04/09/19;1552,60;1547,05;1557,25;1533,68;;0,36%
05/09/19;1519,35;1552,45;1553,25;1509,28;;-2,14%
06/09/19;1506,95;1519,25;1527,70;1502,75;;-0,82%
09/09/19;1498,95;1507,10;1515,50;1497,60;;-0,53%
10/09/19;1486,40;1499,60;1501,90;1484,80;;-0,84%
11/09/19;1497,60;1486,45;1498,41;1484,90;;0,75%
12/09/19;1498,95;1497,45;1523,86;1488,65;;0,09%
13/09/19;1488,70;1498,45;1509,06;1485,51;;-0,68%
16/09/19;1498,80;1503,59;1512,81;1496,20;;0,68%
17/09/19;1503,10;1499,45;1507,90;1493,90;;0,29%
18/09/19;1493,90;1501,40;1511,25;1484,41;;-0,61%
19/09/19;1499,20;1493,60;1504,20;1488,80;;0,35%
20/09/19;1517,15;1499,60;1517,21;1498,00;;1,20%
23/09/19;1522,12;1516,65;1527,05;1511,35;;0,33%
24/09/19;1532,30;1522,50;1536,10;1515,95;;0,67%
25/09/19;1504,15;1531,60;1535,40;1501,41;;-1,84%
26/09/19;1505,80;1503,89;1512,60;1501,74;;0,11%
27/09/19;1496,94;1506,18;1507,79;1486,98;;-0,59%
30/09/19;1472,25;1497,08;1500,50;1464,24;;-1,65%
01/10/19;1478,98;1472,30;1487,42;1458,90;;0,46%
02/10/19;1499,51;1479,19;1504,98;1474,25;;1,39%
03/10/19;1505,00;1499,55;1518,75;1495,85;;0,37%
04/10/19;1504,60;1505,19;1510,94;1497,01;;-0,03%
07/10/19;1493,60;1504,76;1509,47;1489,94;;-0,73%
08/10/19;1505,51;1493,40;1508,56;1487,49;;0,80%
09/10/19;1505,70;1506,06;1511,60;1499,70;;0,01%
10/10/19;1494,30;1505,60;1517,07;1491,40;;-0,76%
11/10/19;1489,85;1494,46;1503,49;1474,30;;-0,30%
14/10/19;1492,90;1488,60;1497,10;1482,60;;0,20%
15/10/19;1481,17;1493,25;1497,99;1477,46;;-0,79%
16/10/19;1489,77;1481,28;1491,60;1477,05;;0,58%
17/10/19;1491,89;1490,40;1497,43;1483,35;;0,14%
18/10/19;1490,10;1492,32;1494,33;1484,80;;-0,12%
21/10/19;1484,50;1492,02;1495,31;1481,75;;-0,38%
22/10/19;1488,05;1484,66;1489,17;1480,84;;0,24%
23/10/19;1492,10;1488,20;1496,24;1487,49;;0,27%
24/10/19;1503,65;1492,30;1504,21;1488,02;;0,77%
25/10/19;1504,73;1504,75;1518,10;1500,55;;0,07%
28/10/19;1492,69;1504,21;1508,36;1489,65;;-0,80%
29/10/19;1487,60;1492,64;1495,00;1483,71;;-0,34%
30/10/19;1495,40;1487,60;1496,80;1481,02;;0,52%
31/10/19;1513,36;1496,39;1514,39;1493,64;;1,20%
01/11/19;1513,95;1513,53;1515,81;1503,30;;0,04%
04/11/19;1509,63;1513,80;1514,93;1504,46;;-0,29%
05/11/19;1484,10;1509,64;1509,90;1479,35;;-1,69%
06/11/19;1490,46;1484,10;1494,30;1482,21;;0,43%
07/11/19;1468,07;1490,29;1492,32;1461,00;;-1,50%
08/11/19;1458,66;1468,01;1473,25;1456,05;;-0,64%
11/11/19;1455,90;1458,96;1466,59;1448,14;;-0,19%
12/11/19;1457,19;1455,79;1460,32;1445,43;;0,09%
13/11/19;1463,19;1457,19;1467,14;1455,90;;0,41%
14/11/19;1471,20;1463,18;1474,48;1460,76;;0,55%
15/11/19;1467,37;1471,20;1471,43;1462,05;;-0,26%
18/11/19;1470,85;1467,51;1474,10;1455,97;;0,24%
19/11/19;1472,38;1470,85;1475,50;1464,30;;0,10%
20/11/19;1471,25;1472,39;1478,90;1465,66;;-0,08%
21/11/19;1464,40;1471,40;1475,85;1462,43;;-0,47%
22/11/19;1462,29;1464,40;1473,15;1461,00;;-0,14%
25/11/19;1454,97;1462,14;1462,14;1453,50;;-0,50%
26/11/19;1461,60;1455,28;1463,06;1450,70;;0,46%
27/11/19;1454,35;1461,35;1461,82;1452,20;;-0,50%
28/11/19;1458,34;1456,85;1458,45;1454,19;;0,27%
29/11/19;1464,80;1456,70;1467,21;1453,38;;0,44%
02/12/19;1462,44;1466,73;1466,73;1453,70;;-0,16%
03/12/19;1477,34;1462,50;1481,90;1458,87;;1,02%
04/12/19;1474,35;1477,21;1484,25;1471,21;;-0,20%
05/12/19;1475,70;1474,06;1480,50;1472,60;;0,09%
06/12/19;1459,76;1475,85;1477,15;1458,42;;-1,08%
09/12/19;1461,99;1459,19;1465,50;1458,55;;0,15%
10/12/19;1464,21;1462,08;1469,24;1459,55;;0,15%
11/12/19;1474,85;1464,04;1478,90;1462,14;;0,73%
12/12/19;1469,43;1474,85;1486,90;1464,45;;-0,37%
13/12/19;1475,81;1469,62;1478,00;1462,41;;0,43%
16/12/19;1476,25;1475,45;1479,86;1472,80;;0,03%
17/12/19;1476,45;1476,25;1480,61;1474,06;;0,01%
18/12/19;1475,44;1476,45;1479,39;1470,10;;-0,07%
19/12/19;1479,15;1475,29;1481,90;1472,60;;0,25%
20/12/19;1478,20;1479,29;1481,06;1475,50;;-0,06%
23/12/19;1485,52;1478,20;1486,16;1477,50;;0,50%
24/12/19;1499,56;1486,07;1501,08;1484,96;;0,95%
25/12/19;1499,55;1499,55;1499,55;1499,55;;0,00%
26/12/19;1511,55;1499,41;1512,55;1497,45;;0,80%
27/12/19;1510,67;1511,55;1515,34;1506,73;;-0,06%
30/12/19;1515,22;1511,49;1516,30;1509,96;;0,30%
31/12/19;1517,39;1515,51;1525,59;1514,79;;0,14%
01/01/20;1517,30;1517,26;1517,48;1517,20;;-0,01%
02/01/20;1528,94;1517,13;1531,30;1517,09;;0,77%
03/01/20;1551,65;1529,11;1553,45;1527,95;;1,49%
06/01/20;1565,96;1560,59;1582,69;1560,59;;0,92%
07/01/20;1573,99;1565,93;1577,38;1555,10;;0,51%
08/01/20;1555,81;1573,99;1611,00;1551,97;;-1,16%
09/01/20;1552,37;1555,76;1561,33;1539,88;;-0,22%
10/01/20;1562,28;1552,26;1563,19;1545,32;;0,64%
13/01/20;1548,30;1562,29;1562,30;1546,52;;-0,89%
14/01/20;1546,37;1548,31;1548,80;1535,88;;-0,12%
15/01/20;1556,19;1546,26;1558,23;1546,01;;0,64%
16/01/20;1552,79;1556,17;1558,14;1547,85;;-0,22%
17/01/20;1556,61;1552,90;1561,30;1549,26;;0,25%
20/01/20;1561,58;1558,56;1562,81;1556,35;;0,32%
21/01/20;1558,02;1560,85;1568,65;1546,25;;-0,23%
22/01/20;1558,91;1558,03;1559,35;1549,81;;0,06%
23/01/20;1563,33;1558,93;1567,94;1551,29;;0,28%
24/01/20;1570,65;1563,29;1575,76;1556,16;;0,47%
27/01/20;1581,95;1579,99;1586,72;1575,59;;0,72%
28/01/20;1566,24;1582,05;1583,17;1565,64;;-0,99%
29/01/20;1577,12;1566,21;1577,96;1563,10;;0,69%
30/01/20;1574,22;1576,98;1585,97;1572,49;;-0,18%
31/01/20;1590,20;1574,27;1590,20;1570,84;;1,02%
03/02/20;1576,45;1589,85;1591,86;1571,26;;-0,86%
04/02/20;1552,55;1576,30;1579,54;1548,99;;-1,52%
05/02/20;1556,70;1552,57;1562,31;1547,20;;0,27%
06/02/20;1566,85;1556,88;1568,29;1552,24;;0,65%
07/02/20;1570,29;1566,96;1574,05;1562,38;;0,22%
10/02/20;1572,30;1569,94;1577,16;1568,01;;0,13%
11/02/20;1567,72;1572,01;1573,96;1562,18;;-0,29%
12/02/20;1565,63;1567,73;1570,48;1561,46;;-0,13%
13/02/20;1576,39;1565,62;1578,11;1565,43;;0,69%
14/02/20;1584,70;1576,29;1585,04;1573,15;;0,53%
17/02/20;1581,10;1584,75;1584,86;1578,40;;-0,23%
18/02/20;1601,91;1583,31;1605,35;1582,96;;1,32%
19/02/20;1611,64;1601,80;1612,91;1599,49;;0,61%
20/02/20;1619,70;1611,71;1623,74;1603,89;;0,50%
21/02/20;1643,70;1619,79;1649,14;1618,99;;1,48%
24/02/20;1660,72;1658,96;1688,96;1652,30;;1,04%
25/02/20;1635,38;1660,72;1660,85;1629,01;;-1,53%
26/02/20;1639,96;1635,46;1655,07;1625,72;;0,28%
27/02/20;1642,35;1640,56;1660,44;1635,66;;0,15%
28/02/20;1585,12;1642,14;1649,49;1565,86;;-3,48%
02/03/20;1590,73;1590,99;1610,78;1579,54;;0,35%
03/03/20;1639,77;1590,78;1649,50;1587,79;;3,08%
04/03/20;1635,83;1639,85;1651,68;1631,99;;-0,24%
05/03/20;1670,61;1635,83;1674,66;1634,92;;2,13%
06/03/20;1674,23;1670,66;1692,11;1647,98;;0,22%
09/03/20;1680,20;1694,60;1703,16;1657,96;;0,36%
10/03/20;1649,36;1678,90;1680,36;1642,11;;-1,84%
11/03/20;1635,03;1649,69;1670,97;1632,90;;-0,87%
12/03/20;1577,09;1634,69;1650,13;1560,96;;-3,54%
13/03/20;1529,70;1576,83;1597,72;1506,73;;-3,00%
16/03/20;1514,61;1550,59;1573,49;1451,68;;-0,99%
17/03/20;1528,58;1512,05;1553,11;1465,60;;0,92%
18/03/20;1486,30;1527,30;1546,05;1472,60;;-2,77%
19/03/20;1471,00;1486,10;1501,61;1464,75;;-1,03%
20/03/20;1498,24;1470,39;1516,43;1460,49;;1,85%
23/03/20;1553,81;1508,25;1561,76;1485,40;;3,71%
24/03/20;1622,03;1565,36;1644,35;1564,77;;4,39%
25/03/20;1613,79;1618,79;1636,29;1584,18;;-0,51%
26/03/20;1632,38;1620,16;1645,80;1595,81;;1,15%
27/03/20;1623,50;1634,99;1640,76;1614,75;;-0,54%
30/03/20;1623,30;1617,38;1635,59;1607,63;;-0,01%
31/03/20;1571,31;1612,25;1623,52;1562,25;;-3,20%
01/04/20;1595,05;1569,45;1604,12;1568,91;;1,51%
02/04/20;1613,79;1590,75;1621,27;1576,43;;1,17%
03/04/20;1618,45;1609,99;1627,04;1607,00;;0,29%
06/04/20;1663,00;1596,80;1669,76;1596,80;;2,75%
07/04/20;1648,95;1662,38;1671,88;1641,06;;-0,84%
08/04/20;1646,52;1645,94;1657,06;1641,15;;-0,15%
09/04/20;1684,07;1644,28;1690,29;1642,34;;2,28%
10/04/20;1689,90;1675,00;1696,50;1675,00;;0,35%
13/04/20;1714,32;1682,25;1722,36;1672,95;;1,45%
14/04/20;1729,70;1714,09;1748,50;1709,10;;0,90%
15/04/20;1716,60;1729,43;1731,43;1706,99;;-0,76%
16/04/20;1718,40;1716,29;1738,74;1706,92;;0,10%
17/04/20;1684,69;1713,49;1718,69;1678,52;;-1,96%
20/04/20;1694,12;1691,44;1703,02;1671,74;;0,56%
21/04/20;1687,02;1694,22;1698,48;1660,99;;-0,42%
22/04/20;1714,82;1686,47;1719,66;1680,05;;1,65%
23/04/20;1731,59;1713,00;1738,84;1704,05;;0,98%
24/04/20;1729,43;1733,32;1737,89;1710,63;;-0,12%
27/04/20;1715,57;1724,86;1727,82;1705,82;;-0,80%
28/04/20;1708,63;1716,19;1716,19;1691,80;;-0,40%
29/04/20;1712,38;1708,72;1717,52;1697,72;;0,22%
30/04/20;1685,05;1715,22;1726,14;1684,16;;-1,60%
01/05/20;1700,41;1685,24;1706,21;1669,82;;0,91%
04/05/20;1701,69;1697,26;1712,00;1690,96;;0,08%
05/05/20;1707,17;1701,78;1712,60;1691,13;;0,32%
06/05/20;1685,88;1705,77;1707,85;1681,34;;-1,25%
07/05/20;1717,94;1686,08;1722,02;1681,96;;1,90%
08/05/20;1702,65;1717,46;1724,56;1701,61;;-0,89%
11/05/20;1697,35;1703,76;1713,67;1691,56;;-0,31%
12/05/20;1702,72;1696,25;1711,04;1692,28;;0,32%
13/05/20;1715,99;1701,21;1718,33;1697,92;;0,78%
14/05/20;1730,65;1715,01;1737,34;1710,39;;0,85%
15/05/20;1743,00;1731,13;1753,25;1728,52;;0,71%
18/05/20;1732,32;1742,93;1764,81;1726,26;;-0,61%
19/05/20;1745,11;1733,37;1748,77;1725,83;;0,74%
20/05/20;1749,50;1744,44;1754,08;1740,91;;0,25%
21/05/20;1726,34;1750,18;1750,64;1717,56;;-1,32%
22/05/20;1736,07;1725,26;1741,51;1724,29;;0,56%
25/05/20;1729,57;1734,73;1735,57;1720,47;;-0,37%
26/05/20;1712,45;1729,65;1736,29;1708,31;;-0,99%
27/05/20;1709,25;1712,03;1715,77;1693,60;;-0,19%
28/05/20;1719,40;1709,68;1727,69;1707,19;;0,59%
29/05/20;1728,30;1721,70;1738,99;1713,79;;0,52%
01/06/20;1740,34;1736,42;1744,52;1727,03;;0,70%
02/06/20;1727,97;1740,93;1745,54;1721,52;;-0,71%
03/06/20;1698,63;1728,97;1732,92;1690,01;;-1,70%
04/06/20;1711,84;1699,11;1722,22;1697,40;;0,78%
05/06/20;1685,83;1711,20;1716,39;1670,75;;-1,52%
08/06/20;1695,47;1684,16;1701,27;1677,61;;0,57%
09/06/20;1714,57;1700,25;1720,75;1691,92;;1,13%
10/06/20;1737,10;1714,33;1740,29;1708,83;;1,31%
11/06/20;1727,51;1737,11;1744,72;1721,34;;-0,55%
12/06/20;1730,80;1728,32;1743,59;1723,12;;0,19%
15/06/20;1725,53;1732,35;1734,78;1704,76;;-0,30%
16/06/20;1727,46;1725,79;1733,06;1715,93;;0,11%
17/06/20;1727,04;1727,34;1730,62;1713,37;;-0,02%
18/06/20;1722,99;1725,57;1736,87;1717,28;;-0,23%
19/06/20;1743,62;1723,16;1745,68;1721,36;;1,20%
22/06/20;1755,44;1749,00;1763,82;1743,78;;0,68%
23/06/20;1767,54;1756,03;1771,69;1747,90;;0,69%
24/06/20;1762,43;1769,09;1780,06;1761,09;;-0,29%
25/06/20;1761,82;1759,76;1768,84;1755,23;;-0,03%
26/06/20;1771,47;1762,35;1772,36;1748,04;;0,55%
29/06/20;1772,28;1773,27;1775,86;1766,07;;0,05%
30/06/20;1781,66;1771,77;1786,46;1765,77;;0,53%
01/07/20;1770,32;1780,91;1789,27;1759,02;;-0,64%
02/07/20;1776,13;1769,60;1780,21;1757,85;;0,33%
03/07/20;1775,05;1774,03;1777,01;1772,03;;-0,06%
06/07/20;1783,90;1776,24;1786,98;1770,09;;0,50%
07/07/20;1795,26;1784,57;1797,93;1774,37;;0,64%
08/07/20;1810,78;1794,93;1818,37;1791,82;;0,86%
09/07/20;1803,19;1810,68;1815,99;1795,76;;-0,42%
10/07/20;1798,89;1801,71;1810,94;1794,47;;-0,24%
13/07/20;1803,39;1798,69;1813,65;1797,94;;0,25%
14/07/20;1807,78;1802,77;1810,94;1791,02;;0,24%
15/07/20;1811,90;1808,14;1815,00;1802,91;;0,23%
16/07/20;1797,05;1811,72;1813,41;1795,10;;-0,82%
17/07/20;1809,90;1797,30;1812,59;1795,11;;0,72%
20/07/20;1816,09;1809,28;1820,76;1805,70;;0,34%
21/07/20;1842,22;1815,53;1843,75;1815,44;;1,44%
22/07/20;1872,07;1841,89;1872,41;1840,25;;1,62%
23/07/20;1887,44;1871,97;1898,49;1862,38;;0,82%
24/07/20;1901,46;1886,83;1906,47;1881,58;;0,74%
27/07/20;1942,42;1899,29;1945,71;1899,29;;2,15%
28/07/20;1959,50;1942,22;1981,14;1907,69;;0,88%
29/07/20;1970,73;1959,71;1980,67;1944,96;;0,57%
30/07/20;1960,50;1970,89;1972,25;1940,17;;-0,52%
31/07/20;1975,89;1960,96;1981,11;1955,99;;0,79%
03/08/20;1977,25;1980,43;1985,22;1960,15;;0,07%
04/08/20;2018,52;1976,45;2019,96;1968,38;;2,09%
05/08/20;2040,40;2018,98;2056,10;2010,33;;1,08%
06/08/20;2063,81;2040,03;2069,84;2034,83;;1,15%
07/08/20;2035,03;2064,52;2072,90;2015,48;;-1,39%
10/08/20;2027,77;2033,71;2050,10;2019,42;;-0,36%
11/08/20;1911,64;2027,11;2031,59;1901,57;;-5,73%
12/08/20;1918,07;1911,26;1949,26;1863,92;;0,34%
13/08/20;1954,00;1920,87;1966,83;1913,42;;1,87%
14/08/20;1944,29;1953,98;1962,62;1932,46;;-0,50%
17/08/20;1986,20;1946,22;1990,91;1929,74;;2,16%
18/08/20;2001,20;1985,47;2015,23;1977,56;;0,76%
19/08/20;1929,82;2001,22;2006,51;1924,63;;-3,57%
20/08/20;1943,60;1929,28;1955,99;1925,47;;0,71%
21/08/20;1940,16;1946,96;1956,37;1911,76;;-0,18%
24/08/20;1933,09;1938,63;1962,04;1924,28;;-0,36%
25/08/20;1928,19;1932,66;1937,55;1914,31;;-0,25%
26/08/20;1954,03;1928,66;1955,15;1902,81;;1,34%
27/08/20;1929,20;1953,35;1976,32;1909,96;;-1,27%
28/08/20;1964,89;1929,44;1973,81;1923,71;;1,85%
31/08/20;1970,15;1965,39;1976,53;1954,55;;0,27%
01/09/20;1970,49;1967,58;1992,26;1963,22;;0,02%
02/09/20;1942,98;1969,71;1974,41;1932,75;;-1,40%
03/09/20;1930,85;1943,00;1951,15;1921,95;;-0,62%
04/09/20;1932,85;1931,51;1942,25;1916,64;;0,10%
07/09/20;1929,18;1930,35;1941,45;1924,43;;-0,19%
08/09/20;1931,26;1929,14;1940,80;1906,57;;0,11%
09/09/20;1946,66;1932,26;1950,95;1920,20;;0,80%
10/09/20;1954,07;1946,06;1966,50;1941,42;;0,38%
11/09/20;1941,50;1955,20;1957,95;1937,42;;-0,64%
14/09/20;1956,37;1941,05;1962,52;1937,46;;0,77%
15/09/20;1955,52;1957,31;1972,35;1948,64;;-0,04%
16/09/20;1959,32;1956,19;1973,63;1949,89;;0,19%
17/09/20;1942,60;1959,99;1963,48;1932,99;;-0,85%
18/09/20;1949,69;1943,87;1960,20;1941,79;;0,37%
21/09/20;1912,57;1949,55;1955,75;1883,21;;-1,90%
22/09/20;1899,28;1912,80;1919,99;1894,93;;-0,69%
23/09/20;1863,55;1900,20;1905,56;1855,77;;-1,88%
24/09/20;1868,04;1863,42;1877,30;1848,45;;0,24%
25/09/20;1860,05;1868,61;1875,28;1852,59;;-0,43%
28/09/20;1880,85;1859,00;1883,39;1849,19;;1,12%
29/09/20;1897,69;1881,40;1899,24;1875,56;;0,90%
30/09/20;1885,44;1897,81;1902,39;1881,31;;-0,65%
01/10/20;1905,05;1885,80;1912,09;1884,48;;1,04%
02/10/20;1898,70;1905,65;1917,28;1889,57;;-0,33%
05/10/20;1912,90;1902,24;1918,74;1886,81;;0,75%
06/10/20;1877,13;1913,28;1921,10;1874,57;;-1,87%
07/10/20;1887,22;1878,84;1898,31;1873,05;;0,54%
08/10/20;1893,09;1887,40;1900,73;1881,86;;0,31%
09/10/20;1929,43;1894,19;1930,83;1893,32;;1,92%
12/10/20;1921,95;1930,50;1933,45;1918,19;;-0,39%
13/10/20;1890,82;1922,42;1925,73;1886,59;;-1,62%
14/10/20;1900,89;1891,90;1913,03;1882,44;;0,53%
15/10/20;1907,82;1900,31;1909,22;1889,46;;0,36%
16/10/20;1898,97;1907,95;1914,06;1897,59;;-0,46%
19/10/20;1904,27;1899,94;1918,59;1897,09;;0,28%
20/10/20;1906,39;1904,24;1914,20;1894,74;;0,11%
21/10/20;1924,49;1908,65;1931,41;1907,94;;0,95%
22/10/20;1904,04;1924,34;1926,00;1894,80;;-1,06%
23/10/20;1900,79;1904,24;1914,30;1894,54;;-0,17%
26/10/20;1901,69;1902,34;1908,55;1890,90;;0,05%
27/10/20;1906,83;1902,19;1911,34;1897,47;;0,27%
28/10/20;1877,06;1908,05;1911,03;1869,59;;-1,56%
29/10/20;1867,13;1876,94;1885,42;1859,67;;-0,53%
30/10/20;1877,95;1868,24;1889,85;1864,64;;0,58%
02/11/20;1895,10;1878,59;1896,12;1873,21;;0,91%
03/11/20;1908,36;1895,80;1910,71;1886,81;;0,70%
04/11/20;1903,21;1908,59;1916,68;1883,15;;-0,27%
05/11/20;1948,56;1903,65;1952,95;1902,43;;2,38%
06/11/20;1951,51;1949,24;1960,77;1935,40;;0,15%
09/11/20;1861,86;1954,65;1965,92;1850,36;;-4,59%
10/11/20;1876,50;1862,15;1890,60;1860,30;;0,79%
11/11/20;1864,71;1877,34;1884,93;1856,05;;-0,63%
12/11/20;1875,76;1865,30;1883,88;1862,46;;0,59%
13/11/20;1888,04;1876,44;1897,16;1873,76;;0,65%
16/11/20;1888,52;1888,74;1899,35;1864,74;;0,03%
17/11/20;1878,60;1889,15;1893,90;1877,69;;-0,52%
18/11/20;1871,41;1878,60;1884,92;1863,94;;-0,38%
19/11/20;1867,37;1871,44;1874,34;1852,48;;-0,22%
20/11/20;1870,49;1867,59;1879,98;1860,66;;0,17%
23/11/20;1835,85;1869,84;1876,72;1830,85;;-1,85%
24/11/20;1807,51;1836,65;1839,26;1800,69;;-1,54%
25/11/20;1805,30;1807,69;1817,98;1801,33;;-0,12%
26/11/20;1810,57;1805,74;1818,78;1805,31;;0,29%
27/11/20;1788,13;1811,09;1813,81;1773,93;;-1,24%
30/11/20;1777,02;1789,05;1789,99;1764,69;;-0,62%
01/12/20;1814,87;1777,40;1817,55;1775,52;;2,13%
02/12/20;1831,01;1815,19;1832,65;1806,99;;0,89%
03/12/20;1840,36;1831,34;1844,45;1823,60;;0,51%
04/12/20;1837,61;1841,05;1848,26;1829,30;;-0,15%
07/12/20;1863,69;1837,99;1868,76;1822,99;;1,42%
08/12/20;1871,36;1863,55;1875,79;1859,83;;0,41%
09/12/20;1839,11;1871,19;1871,37;1825,71;;-1,72%
10/12/20;1835,31;1839,59;1850,40;1828,48;;-0,21%
11/12/20;1839,03;1835,55;1847,89;1824,23;;0,20%
14/12/20;1827,17;1839,30;1839,86;1819,92;;-0,64%
15/12/20;1853,46;1827,80;1855,76;1825,29;;1,44%
16/12/20;1864,15;1853,94;1866,20;1844,75;;0,58%
17/12/20;1885,87;1864,26;1896,26;1861,83;;1,17%
18/12/20;1880,66;1885,80;1889,88;1876,97;;-0,28%
21/12/20;1876,21;1883,20;1906,93;1856,69;;-0,24%
22/12/20;1859,56;1876,65;1884,61;1858,73;;-0,89%
23/12/20;1872,08;1859,99;1878,59;1858,59;;0,67%
24/12/20;1876,56;1872,74;1882,55;1869,52;;0,24%
25/12/20;1875,82;1877,07;1877,07;1877,07;;-0,04%
28/12/20;1871,19;1885,93;1900,53;1869,21;;-0,25%
29/12/20;1877,99;1872,24;1886,91;1870,99;;0,36%
30/12/20;1893,37;1878,34;1894,06;1875,66;;0,82%
31/12/20;1896,49;1893,55;1901,26;1884,77;;0,16%
01/01/21;1898,10;1897,69;1899,12;1897,39;;0,09%
04/01/21;1942,28;1906,05;1944,65;1905,36;;2,33%
05/01/21;1949,35;1942,65;1953,17;1934,08;;0,36%
06/01/21;1918,81;1950,30;1959,60;1901,11;;-1,57%
07/01/21;1912,50;1919,40;1927,97;1906,86;;-0,33%
08/01/21;1848,26;1912,90;1917,85;1828,74;;-3,36%
11/01/21;1844,66;1849,34;1857,05;1817,14;;-0,19%
12/01/21;1855,63;1845,34;1864,08;1837,41;;0,59%
13/01/21;1843,41;1856,19;1863,26;1843,34;;-0,66%
14/01/21;1846,37;1843,94;1857,59;1833,21;;0,16%
15/01/21;1826,59;1846,80;1856,85;1823,21;;-1,07%
18/01/21;1836,89;1828,94;1840,95;1810,46;;0,56%
19/01/21;1839,34;1838,09;1845,98;1833,06;;0,13%
20/01/21;1870,91;1840,05;1872,03;1832,46;;1,72%
21/01/21;1869,91;1871,07;1875,45;1858,16;;-0,05%
22/01/21;1852,55;1870,09;1871,17;1837,09;;-0,93%
25/01/21;1854,99;1855,75;1868,45;1847,30;;0,13%
26/01/21;1850,31;1855,55;1861,86;1848,36;;-0,25%
27/01/21;1843,99;1850,65;1853,58;1831,29;;-0,34%
28/01/21;1840,36;1844,34;1864,26;1833,81;;-0,20%
29/01/21;1846,09;1840,90;1876,03;1839,56;;0,31%
01/02/21;1860,16;1863,05;1871,84;1849,04;;0,76%
02/02/21;1837,35;1860,84;1864,26;1829,46;;-1,23%
03/02/21;1833,76;1837,49;1845,29;1829,49;;-0,20%
04/02/21;1792,26;1834,34;1835,13;1785,15;;-2,26%
05/02/21;1811,62;1792,49;1815,32;1791,80;;1,08%
08/02/21;1830,16;1815,44;1839,15;1807,48;;1,02%
09/02/21;1837,06;1830,59;1849,15;1828,63;;0,38%
10/02/21;1842,22;1837,55;1855,70;1833,91;;0,28%
11/02/21;1825,36;1842,65;1847,95;1820,63;;-0,91%
12/02/21;1823,46;1825,90;1830,80;1810,33;;-0,10%
15/02/21;1818,51;1825,34;1827,59;1815,71;;-0,27%
16/02/21;1794,31;1819,34;1826,75;1789,19;;-1,33%
17/02/21;1776,26;1794,65;1795,45;1769,27;;-1,01%
18/02/21;1775,49;1776,69;1789,88;1767,98;;-0,04%
19/02/21;1782,31;1776,19;1791,70;1760,13;;0,38%
22/02/21;1808,66;1782,24;1812,76;1780,46;;1,48%
23/02/21;1805,06;1809,09;1816,27;1795,78;;-0,20%
24/02/21;1804,36;1805,34;1813,99;1783,30;;-0,04%
25/02/21;1769,88;1804,80;1806,06;1765,44;;-1,91%
26/02/21;1733,49;1770,49;1776,10;1717,26;;-2,06%
01/03/21;1723,84;1733,40;1760,02;1719,52;;-0,56%
02/03/21;1738,09;1724,10;1738,89;1707,18;;0,83%
03/03/21;1710,95;1738,59;1740,85;1701,94;;-1,56%
04/03/21;1697,19;1711,84;1723,34;1690,64;;-0,80%
05/03/21;1700,86;1698,59;1707,76;1687,12;;0,22%
08/03/21;1681,24;1702,80;1714,45;1676,70;;-1,15%
09/03/21;1715,36;1682,55;1720,83;1679,80;;2,03%
10/03/21;1726,05;1715,94;1726,76;1707,99;;0,62%
11/03/21;1721,41;1726,55;1739,99;1719,38;;-0,27%
12/03/21;1726,41;1721,59;1728,42;1698,85;;0,29%
15/03/21;1731,84;1727,74;1734,99;1721,31;;0,31%
16/03/21;1730,94;1730,57;1741,40;1725,80;;-0,05%
17/03/21;1744,44;1730,61;1751,81;1724,14;;0,78%
18/03/21;1736,41;1745,09;1755,59;1719,05;;-0,46%
19/03/21;1744,74;1735,90;1746,88;1728,04;;0,48%
22/03/21;1738,69;1745,74;1747,18;1727,40;;-0,35%
23/03/21;1727,11;1739,05;1742,85;1724,42;;-0,67%
24/03/21;1734,19;1727,80;1738,56;1723,85;;0,41%
25/03/21;1726,82;1735,65;1745,95;1721,84;;-0,42%
26/03/21;1731,97;1727,30;1737,01;1721,23;;0,30%
29/03/21;1711,99;1732,15;1733,34;1705,58;;-1,15%
30/03/21;1684,80;1712,55;1714,74;1678,85;;-1,59%
31/03/21;1707,01;1685,59;1715,28;1677,93;;1,32%
01/04/21;1730,18;1708,09;1730,80;1705,42;;1,36%
02/04/21;1728,84;1730,47;1732,55;1728,67;;-0,08%
05/04/21;1728,44;1728,74;1733,75;1721,22;;-0,02%
06/04/21;1743,57;1728,49;1745,68;1726,82;;0,88%
07/04/21;1737,28;1742,96;1744,57;1730,13;;-0,36%
08/04/21;1755,94;1737,84;1759,13;1732,99;;1,07%
09/04/21;1743,10;1756,54;1757,47;1731,09;;-0,73%
12/04/21;1732,51;1743,80;1745,36;1727,18;;-0,61%
13/04/21;1743,83;1732,59;1749,23;1723,27;;0,65%
14/04/21;1736,00;1744,30;1749,58;1732,13;;-0,45%
15/04/21;1763,21;1737,10;1769,91;1734,10;;1,57%
16/04/21;1776,31;1763,84;1784,07;1759,79;;0,74%
19/04/21;1769,31;1779,50;1790,54;1765,98;;-0,39%
20/04/21;1777,25;1770,30;1780,77;1763,18;;0,45%
21/04/21;1793,46;1778,64;1797,98;1775,95;;0,91%
22/04/21;1783,94;1794,15;1798,29;1776,83;;-0,53%
23/04/21;1777,18;1784,33;1796,06;1770,05;;-0,38%
26/04/21;1780,19;1776,34;1783,69;1768,70;;0,17%
27/04/21;1776,69;1780,42;1785,90;1773,52;;-0,20%
28/04/21;1781,32;1776,80;1782,85;1762,56;;0,26%
29/04/21;1771,24;1780,90;1790,43;1756,19;;-0,57%
30/04/21;1768,59;1772,90;1773,98;1763,73;;-0,15%
03/05/21;1792,36;1768,49;1798,22;1765,91;;1,34%
04/05/21;1778,48;1792,29;1799,38;1770,84;;-0,77%
05/05/21;1786,44;1778,91;1788,35;1769,95;;0,45%
06/05/21;1815,18;1787,09;1818,21;1781,67;;1,61%
07/05/21;1830,48;1815,48;1843,45;1812,90;;0,84%
10/05/21;1835,44;1833,24;1845,53;1830,09;;0,27%
11/05/21;1836,94;1834,58;1842,32;1817,68;;0,08%
12/05/21;1815,44;1837,40;1843,69;1813,00;;-1,17%
13/05/21;1826,57;1815,90;1828,81;1808,78;;0,61%
14/05/21;1842,19;1826,49;1845,55;1819,79;;0,86%
17/05/21;1866,13;1843,84;1868,80;1841,24;;1,30%
18/05/21;1868,22;1866,59;1875,40;1862,94;;0,11%
19/05/21;1869,57;1869,59;1890,15;1851,94;;0,07%
20/05/21;1876,69;1869,74;1884,12;1863,53;;0,38%
21/05/21;1880,30;1876,84;1889,85;1870,01;;0,19%
24/05/21;1881,07;1882,34;1887,44;1875,19;;0,04%
25/05/21;1899,26;1880,69;1900,63;1872,73;;0,97%
26/05/21;1896,44;1899,49;1913,15;1890,34;;-0,15%
27/05/21;1896,08;1896,49;1903,87;1888,22;;-0,02%
28/05/21;1902,64;1897,05;1905,90;1881,84;;0,35%
31/05/21;1906,36;1903,69;1911,13;1901,56;;0,20%
01/06/21;1900,19;1907,53;1916,84;1892,28;;-0,32%
02/06/21;1907,94;1900,05;1909,34;1894,05;;0,41%
03/06/21;1870,57;1908,09;1909,89;1865,11;;-1,96%
04/06/21;1889,97;1871,32;1896,60;1856,09;;1,04%
07/06/21;1899,00;1888,49;1900,41;1880,88;;0,48%
08/06/21;1892,82;1898,99;1903,95;1883,38;;-0,33%
09/06/21;1888,30;1893,49;1899,40;1886,58;;-0,24%
10/06/21;1898,14;1888,57;1900,09;1869,84;;0,52%
11/06/21;1876,64;1898,42;1903,30;1874,07;;-1,13%
14/06/21;1865,99;1874,59;1878,21;1844,57;;-0,57%
15/06/21;1858,69;1866,26;1869,67;1851,28;;-0,39%
16/06/21;1811,95;1858,96;1862,43;1804,19;;-2,51%
17/06/21;1773,31;1812,18;1825,58;1766,88;;-2,13%
18/06/21;1763,34;1772,73;1797,24;1761,04;;-0,56%
21/06/21;1782,95;1764,44;1786,75;1764,44;;1,11%
22/06/21;1778,51;1783,23;1790,42;1771,99;;-0,25%
23/06/21;1778,73;1778,80;1795,18;1773,13;;0,01%
24/06/21;1775,18;1779,01;1788,56;1772,67;;-0,20%
25/06/21;1780,34;1775,46;1790,60;1773,27;;0,29%
28/06/21;1778,18;1781,24;1785,90;1770,69;;-0,12%
29/06/21;1761,09;1778,44;1779,24;1750,11;;-0,96%
30/06/21;1769,80;1761,35;1774,72;1752,78;;0,49%
01/07/21;1776,60;1770,06;1783,07;1765,47;;0,38%
02/07/21;1786,79;1776,83;1795,40;1773,73;;0,57%
05/07/21;1791,61;1787,69;1795,69;1784,09;;0,27%
06/07/21;1796,69;1791,88;1815,34;1789,91;;0,28%
07/07/21;1803,41;1796,96;1810,13;1793,64;;0,37%
08/07/21;1802,56;1803,67;1818,70;1794,28;;-0,05%
09/07/21;1807,98;1802,89;1812,71;1796,09;;0,30%
12/07/21;1805,88;1807,94;1811,04;1791,21;;-0,12%
13/07/21;1807,44;1806,17;1817,51;1798,54;;0,09%
14/07/21;1827,06;1807,72;1830,32;1804,21;;1,09%
15/07/21;1829,19;1827,35;1833,99;1820,07;;0,12%
16/07/21;1810,89;1829,45;1832,20;1808,65;;-1,00%
19/07/21;1812,34;1811,65;1817,56;1794,66;;0,08%
20/07/21;1810,03;1812,61;1825,27;1805,06;;-0,13%
21/07/21;1803,31;1810,32;1814,02;1794,18;;-0,37%
22/07/21;1806,69;1803,58;1808,34;1792,11;;0,19%
23/07/21;1801,34;1806,95;1810,56;1790,45;;-0,30%
26/07/21;1797,27;1802,65;1811,97;1795,68;;-0,23%
27/07/21;1798,73;1797,53;1805,60;1792,83;;0,08%
28/07/21;1806,88;1799,00;1809,90;1792,60;;0,45%
29/07/21;1827,95;1807,15;1833,05;1806,29;;1,17%
30/07/21;1813,58;1828,21;1831,63;1809,48;;-0,79%
02/08/21;1813,39;1814,34;1819,94;1805,12;;-0,01%
03/08/21;1809,94;1813,64;1815,18;1806,73;;-0,19%
04/08/21;1811,41;1810,60;1832,10;1806,54;;0,08%
05/08/21;1804,01;1811,69;1815,45;1797,74;;-0,41%
06/08/21;1762,69;1804,28;1804,93;1758,33;;-2,29%
09/08/21;1729,46;1763,34;1764,65;1684,77;;-1,89%
10/08/21;1728,71;1729,74;1738,49;1717,17;;-0,04%
11/08/21;1751,56;1729,01;1754,63;1723,54;;1,32%
12/08/21;1752,44;1751,66;1758,62;1741,29;;0,05%
13/08/21;1779,15;1752,72;1780,53;1751,27;;1,52%
16/08/21;1787,24;1778,44;1789,51;1770,38;;0,45%
17/08/21;1785,96;1787,51;1795,77;1780,28;;-0,07%
18/08/21;1787,59;1786,21;1794,31;1777,31;;0,09%
19/08/21;1780,18;1788,05;1792,56;1774,20;;-0,41%
20/08/21;1780,87;1780,44;1788,85;1777,96;;0,04%
23/08/21;1805,20;1780,55;1806,92;1776,03;;1,37%
24/08/21;1802,61;1805,61;1810,03;1799,73;;-0,14%
25/08/21;1790,68;1802,86;1803,57;1782,45;;-0,66%
26/08/21;1792,16;1791,09;1798,61;1779,48;;0,08%
27/08/21;1816,67;1792,60;1819,38;1787,66;;1,37%
30/08/21;1810,17;1817,55;1823,38;1807,28;;-0,36%
31/08/21;1813,43;1810,26;1819,43;1801,47;;0,18%
01/09/21;1813,66;1813,57;1820,21;1808,18;;0,01%
02/09/21;1809,40;1813,92;1817,53;1804,48;;-0,23%
03/09/21;1826,19;1809,98;1834,55;1808,53;;0,93%
06/09/21;1823,10;1828,66;1830,60;1820,58;;-0,17%
07/09/21;1794,13;1823,27;1827,39;1792,33;;-1,59%
08/09/21;1788,93;1794,41;1802,60;1781,98;;-0,29%
09/09/21;1794,69;1789,19;1801,19;1783,83;;0,32%
10/09/21;1787,34;1794,61;1804,15;1786,53;;-0,41%
13/09/21;1793,49;1788,55;1798,66;1783,73;;0,34%
14/09/21;1804,27;1793,77;1808,99;1781,89;;0,60%
15/09/21;1792,59;1804,53;1807,30;1790,28;;-0,65%
16/09/21;1753,39;1794,34;1796,71;1745,04;;-2,19%
17/09/21;1754,16;1753,67;1768,22;1747,07;;0,04%
20/09/21;1763,88;1754,30;1767,31;1742,24;;0,55%
21/09/21;1774,25;1764,19;1782,07;1757,61;;0,59%
22/09/21;1767,91;1774,51;1787,51;1764,84;;-0,36%
23/09/21;1742,57;1768,40;1776,60;1737,84;;-1,43%
24/09/21;1749,86;1742,82;1758,08;1739,60;;0,42%
27/09/21;1749,85;1751,24;1761,29;1744,19;;0,00%
28/09/21;1733,68;1750,45;1754,80;1727,18;;-0,92%
29/09/21;1726,11;1733,97;1746,11;1721,07;;-0,44%
30/09/21;1756,66;1726,40;1764,53;1721,67;;1,77%
01/10/21;1760,36;1756,91;1764,40;1749,36;;0,21%
04/10/21;1769,51;1762,15;1771,06;1747,23;;0,52%
05/10/21;1759,96;1769,75;1771,03;1748,56;;-0,54%
06/10/21;1762,48;1760,45;1765,78;1745,45;;0,14%
07/10/21;1755,29;1762,74;1767,45;1751,38;;-0,41%
08/10/21;1756,67;1755,89;1781,60;1753,03;;0,08%
11/10/21;1753,86;1757,34;1761,36;1749,68;;-0,16%
12/10/21;1759,93;1754,12;1769,78;1750,47;;0,35%
13/10/21;1792,65;1760,05;1796,31;1757,89;;1,86%
14/10/21;1795,56;1792,75;1800,91;1786,22;;0,16%
15/10/21;1767,26;1795,81;1796,89;1764,48;;-1,58%
18/10/21;1764,60;1767,74;1772,30;1759,68;;-0,15%
19/10/21;1768,87;1764,99;1785,53;1762,48;;0,24%
20/10/21;1781,83;1769,28;1788,68;1766,50;;0,73%
21/10/21;1782,76;1782,10;1789,61;1776,07;;0,05%
22/10/21;1792,48;1782,89;1814,22;1782,46;;0,55%
25/10/21;1807,47;1794,00;1810,18;1791,95;;0,84%
26/10/21;1792,63;1807,90;1808,50;1781,98;;-0,82%
27/10/21;1796,69;1793,04;1799,38;1782,83;;0,23%
28/10/21;1798,62;1796,78;1810,49;1792,34;;0,11%
29/10/21;1782,81;1799,03;1801,49;1771,70;;-0,88%
01/11/21;1793,05;1783,24;1796,20;1778,89;;0,57%
02/11/21;1787,28;1793,61;1796,91;1785,78;;-0,32%
03/11/21;1769,52;1787,71;1788,42;1758,45;;-0,99%
04/11/21;1791,70;1769,98;1799,26;1769,13;;1,25%
05/11/21;1816,73;1792,14;1818,61;1785,17;;1,40%
08/11/21;1824,26;1818,44;1826,93;1812,08;;0,41%
09/11/21;1831,48;1824,74;1833,08;1817,70;;0,40%
10/11/21;1849,57;1831,90;1868,70;1821,60;;0,99%
11/11/21;1861,52;1849,69;1866,35;1842,66;;0,65%
12/11/21;1864,04;1861,99;1868,69;1844,78;;0,14%
15/11/21;1862,46;1868,15;1870,57;1855,73;;-0,09%
16/11/21;1849,91;1862,94;1877,40;1849,16;;-0,67%
17/11/21;1866,96;1850,34;1868,32;1849,38;;0,92%
18/11/21;1858,46;1866,97;1871,29;1854,94;;-0,46%
19/11/21;1844,60;1858,90;1865,76;1842,98;;-0,75%
22/11/21;1805,04;1846,74;1849,49;1801,95;;-2,14%
23/11/21;1789,73;1805,65;1812,50;1781,63;;-0,85%
24/11/21;1788,50;1790,34;1797,01;1778,44;;-0,07%
25/11/21;1788,45;1789,49;1795,65;1785,85;;0,00%
26/11/21;1791,81;1788,70;1815,78;1780,79;;0,19%
29/11/21;1785,01;1790,05;1799,80;1781,23;;-0,38%
30/11/21;1773,78;1785,34;1809,38;1769,43;;-0,63%
01/12/21;1782,66;1774,15;1794,80;1771,96;;0,50%
02/12/21;1768,64;1783,05;1783,58;1761,68;;-0,79%
03/12/21;1783,74;1768,84;1786,44;1765,63;;0,85%
06/12/21;1778,11;1784,79;1787,87;1775,91;;-0,32%
07/12/21;1784,04;1778,08;1788,02;1771,93;;0,33%
08/12/21;1782,06;1784,40;1793,60;1779,45;;-0,11%
09/12/21;1774,46;1782,49;1788,05;1772,80;;-0,43%
10/12/21;1782,51;1774,94;1789,47;1769,43;;0,45%
13/12/21;1786,94;1782,94;1791,78;1781,51;;0,25%
14/12/21;1770,18;1787,19;1789,74;1766,31;;-0,94%
15/12/21;1777,06;1770,49;1781,04;1753,84;;0,39%
16/12/21;1799,03;1777,40;1799,53;1775,43;;1,24%
17/12/21;1797,68;1799,55;1814,63;1795,67;;-0,07%
20/12/21;1789,32;1799,40;1804,32;1787,98;;-0,47%
21/12/21;1788,36;1789,74;1800,85;1784,58;;-0,05%
22/12/21;1803,40;1788,94;1805,13;1785,41;;0,84%
23/12/21;1807,91;1803,69;1811,02;1798,88;;0,25%
24/12/21;1808,11;1808,19;1812,70;1801,61;;0,01%
27/12/21;1810,90;1808,19;1813,74;1802,89;;0,15%
28/12/21;1805,37;1811,84;1820,70;1804,38;;-0,31%
29/12/21;1803,66;1805,59;1808,16;1788,94;;-0,09%
30/12/21;1815,01;1803,99;1817,44;1795,78;;0,63%
31/12/21;1828,39;1815,44;1830,58;1814,15;;0,74%
03/01/22;1800,85;1830,14;1832,06;1797,93;;-1,51%
04/01/22;1814,56;1801,34;1816,83;1798,44;;0,76%
05/01/22;1809,53;1814,90;1829,82;1807,97;;-0,28%
06/01/22;1788,68;1809,94;1811,89;1786,03;;-1,15%
07/01/22;1795,63;1789,55;1799,20;1782,63;;0,39%
10/01/22;1801,41;1795,41;1802,57;1790,43;;0,32%
11/01/22;1822,01;1801,69;1823,35;1800,09;;1,14%
12/01/22;1825,32;1822,49;1828,33;1814,20;;0,18%
13/01/22;1822,09;1825,94;1828,38;1811,83;;-0,18%
14/01/22;1817,22;1822,55;1829,66;1814,13;;-0,27%
17/01/22;1818,99;1817,90;1823,72;1812,67;;0,10%
18/01/22;1813,54;1819,77;1823,01;1805,53;;-0,30%
19/01/22;1839,96;1813,69;1843,72;1809,97;;1,46%
20/01/22;1838,36;1840,30;1848,36;1835,67;;-0,09%
21/01/22;1833,24;1838,65;1843,53;1828,04;;-0,28%
24/01/22;1843,06;1834,49;1844,53;1829,09;;0,54%
25/01/22;1847,56;1843,34;1853,98;1834,64;;0,24%
26/01/22;1818,12;1847,99;1850,44;1814,90;;-1,59%
27/01/22;1796,51;1818,44;1822,51;1790,98;;-1,19%
28/01/22;1791,03;1796,94;1799,82;1779,88;;-0,30%
31/01/22;1796,47;1791,19;1800,23;1785,03;;0,30%
01/02/22;1800,65;1796,72;1809,16;1795,13;;0,23%
02/02/22;1806,50;1800,94;1811,53;1794,11;;0,32%
03/02/22;1804,40;1807,19;1809,22;1788,39;;-0,12%
04/02/22;1807,49;1804,80;1815,44;1790,94;;0,17%
07/02/22;1820,31;1806,99;1824,06;1806,94;;0,71%
08/02/22;1825,48;1820,59;1829,09;1815,06;;0,28%
09/02/22;1832,43;1826,05;1836,35;1824,50;;0,38%
10/02/22;1826,57;1832,94;1842,35;1821,46;;-0,32%
11/02/22;1859,96;1827,25;1865,63;1820,79;;1,83%
14/02/22;1870,29;1861,55;1874,41;1850,45;;0,56%
15/02/22;1853,06;1870,94;1879,89;1844,27;;-0,92%
16/02/22;1868,37;1853,40;1873,16;1849,94;;0,83%
17/02/22;1897,27;1868,84;1901,57;1867,18;;1,55%
18/02/22;1897,87;1897,94;1902,84;1886,16;;0,03%
21/02/22;1905,63;1900,40;1908,38;1887,19;;0,41%
22/02/22;1898,13;1905,89;1914,44;1891,16;;-0,39%
23/02/22;1907,55;1898,44;1911,00;1889,23;;0,50%
24/02/22;1903,14;1907,99;1974,48;1879,05;;-0,23%
25/02/22;1887,56;1903,55;1921,54;1883,10;;-0,82%
28/02/22;1907,90;1920,86;1929,36;1890,59;;1,08%
01/03/22;1943,22;1908,19;1950,45;1900,93;;1,85%
02/03/22;1926,11;1943,69;1948,18;1913,82;;-0,88%
03/03/22;1935,21;1926,49;1941,47;1921,73;;0,47%
04/03/22;1968,45;1935,65;1970,80;1929,78;;1,72%
07/03/22;1998,11;1977,09;2002,90;1960,76;;1,51%
08/03/22;2052,41;1998,30;2070,29;1981,00;;2,72%
09/03/22;1991,49;2052,75;2059,25;1976,30;;-2,97%
10/03/22;1995,86;1991,94;2009,57;1970,66;;0,22%
11/03/22;1985,29;1996,15;1999,22;1958,80;;-0,53%
14/03/22;1951,11;1985,49;1990,33;1949,87;;-1,72%
15/03/22;1917,84;1951,02;1954,95;1906,73;;-1,71%
16/03/22;1927,93;1918,10;1929,87;1895,22;;0,53%
17/03/22;1942,64;1927,56;1950,10;1923,40;;0,76%
18/03/22;1921,09;1942,90;1945,51;1917,93;;-1,11%
21/03/22;1935,95;1922,24;1940,69;1918,01;;0,77%
22/03/22;1921,44;1935,86;1938,59;1910,89;;-0,75%
23/03/22;1943,38;1922,35;1948,55;1915,32;;1,14%
24/03/22;1957,48;1944,88;1966,19;1937,18;;0,73%
25/03/22;1957,40;1957,49;1964,49;1943,55;;0,00%
28/03/22;1923,20;1958,75;1959,36;1916,83;;-1,75%
29/03/22;1919,19;1922,95;1929,41;1890,03;;-0,21%
30/03/22;1933,06;1920,07;1938,53;1915,74;;0,72%
31/03/22;1937,23;1932,80;1949,92;1918,98;;0,22%
01/04/22;1924,30;1937,51;1939,99;1917,56;;-0,67%
04/04/22;1932,44;1924,94;1937,05;1915,55;;0,42%
05/04/22;1923,76;1933,38;1944,73;1917,74;;-0,45%
06/04/22;1925,48;1923,69;1933,65;1915,24;;0,09%
07/04/22;1932,17;1925,32;1938,07;1920,27;;0,35%
08/04/22;1945,85;1931,92;1948,46;1927,38;;0,71%
11/04/22;1953,43;1947,15;1969,41;1940,05;;0,39%
12/04/22;1966,59;1953,99;1978,63;1949,48;;0,67%
13/04/22;1977,72;1967,21;1981,82;1962,59;;0,57%
14/04/22;1973,52;1977,78;1980,81;1960,90;;-0,21%
15/04/22;1974,54;1974,28;1975,69;1973,05;;0,05%
18/04/22;1978,50;1972,84;1998,60;1971,05;;0,20%
19/04/22;1949,84;1979,19;1982,31;1943,80;;-1,45%
20/04/22;1957,41;1950,34;1958,57;1939,16;;0,39%
21/04/22;1951,49;1957,84;1958,00;1936,79;;-0,30%
22/04/22;1929,73;1951,49;1955,93;1926,52;;-1,12%
25/04/22;1897,69;1931,09;1934,71;1891,05;;-1,66%
26/04/22;1905,56;1897,95;1911,50;1895,38;;0,41%
27/04/22;1886,12;1905,45;1907,25;1881,39;;-1,02%
28/04/22;1894,34;1886,14;1897,32;1872,19;;0,44%
29/04/22;1896,40;1894,43;1919,97;1892,25;;0,11%
02/05/22;1862,77;1896,09;1900,10;1854,74;;-1,77%
03/05/22;1867,79;1863,05;1878,19;1850,33;;0,27%
04/05/22;1880,92;1868,04;1889,74;1861,17;;0,70%
05/05/22;1876,84;1881,47;1910,03;1872,48;;-0,22%
06/05/22;1882,96;1877,30;1892,93;1865,84;;0,33%
09/05/22;1853,92;1883,80;1885,95;1851,36;;-1,54%
10/05/22;1838,14;1853,74;1865,76;1835,46;;-0,85%
11/05/22;1852,12;1838,41;1857,99;1831,83;;0,76%
12/05/22;1821,72;1852,58;1859,30;1820,93;;-1,64%
13/05/22;1811,15;1822,48;1829,06;1799,24;;-0,58%
16/05/22;1823,79;1811,05;1827,23;1786,95;;0,70%
17/05/22;1814,67;1824,18;1836,55;1812,68;;-0,50%
18/05/22;1815,61;1815,20;1825,02;1807,30;;0,05%
19/05/22;1841,72;1816,60;1849,46;1810,55;;1,44%
20/05/22;1845,68;1842,12;1849,59;1832,35;;0,22%
23/05/22;1853,22;1846,53;1865,65;1844,08;;0,41%
24/05/22;1865,90;1853,59;1869,99;1849,06;;0,68%
25/05/22;1852,83;1865,09;1868,40;1842,94;;-0,70%
26/05/22;1850,02;1853,48;1854,71;1841,14;;-0,15%
27/05/22;1852,73;1850,48;1862,30;1847,76;;0,15%
30/05/22;1856,21;1852,19;1864,34;1847,92;;0,19%
31/05/22;1837,09;1856,40;1857,69;1834,90;;-1,03%
01/06/22;1845,55;1837,37;1850,40;1828,28;;0,46%
02/06/22;1868,13;1846,44;1870,69;1843,76;;1,22%
03/06/22;1850,77;1868,53;1874,30;1847,02;;-0,93%
06/06/22;1841,00;1850,29;1858,15;1840,50;;-0,53%
07/06/22;1851,97;1841,60;1855,86;1836,73;;0,60%
08/06/22;1853,26;1852,51;1859,90;1844,35;;0,07%
09/06/22;1847,61;1853,53;1855,52;1839,60;;-0,30%
10/06/22;1870,96;1848,09;1876,47;1825,02;;1,26%
13/06/22;1818,77;1875,80;1877,38;1818,90;;-2,79%
14/06/22;1808,10;1819,10;1832,19;1804,65;;-0,59%
15/06/22;1833,38;1808,35;1841,74;1807,24;;1,40%
16/06/22;1856,71;1833,99;1857,91;1815,95;;1,27%
17/06/22;1839,35;1857,34;1858,29;1833,72;;-0,93%
20/06/22;1838,29;1840,40;1846,42;1834,49;;-0,06%
21/06/22;1832,56;1838,37;1844,15;1828,29;;-0,31%
22/06/22;1837,39;1832,96;1848,44;1823,23;;0,26%
23/06/22;1822,43;1837,87;1846,19;1821,88;;-0,81%
24/06/22;1826,18;1822,88;1832,15;1816,70;;0,21%
27/06/22;1822,73;1838,15;1841,34;1820,40;;-0,19%
28/06/22;1819,69;1822,85;1830,09;1818,20;;-0,17%
29/06/22;1817,11;1819,95;1833,24;1812,10;;-0,14%
30/06/22;1806,89;1817,80;1825,90;1802,20;;-0,56%
01/07/22;1810,18;1807,31;1812,09;1784,10;;0,18%
04/07/22;1809,12;1812,27;1814,36;1803,45;;-0,06%
05/07/22;1764,35;1808,74;1812,42;1763,48;;-2,47%
06/07/22;1738,30;1764,87;1773,06;1731,75;;-1,48%
07/07/22;1739,61;1738,93;1749,14;1735,95;;0,08%
08/07/22;1741,82;1740,05;1752,50;1733,24;;0,13%
11/07/22;1733,67;1742,86;1744,92;1731,01;;-0,47%
12/07/22;1725,81;1733,99;1743,49;1722,93;;-0,45%
13/07/22;1735,23;1726,17;1745,54;1707,38;;0,55%
14/07/22;1709,45;1735,70;1736,94;1697,48;;-1,49%
15/07/22;1706,78;1709,81;1716,92;1698,82;;-0,16%
18/07/22;1709,01;1707,94;1724,05;1705,89;;0,13%
19/07/22;1711,07;1709,27;1718,64;1704,96;;0,12%
20/07/22;1696,43;1711,30;1714,94;1692,53;;-0,86%
21/07/22;1718,49;1696,73;1720,69;1680,78;;1,30%
22/07/22;1726,46;1718,61;1739,28;1712,93;;0,46%
25/07/22;1718,78;1728,15;1736,43;1714,57;;-0,44%
26/07/22;1717,00;1719,69;1728,36;1713,20;;-0,10%
27/07/22;1733,89;1717,41;1740,60;1711,46;;0,98%
28/07/22;1755,11;1734,61;1757,43;1733,59;;1,22%
29/07/22;1765,22;1755,81;1768,17;1752,19;;0,58%
01/08/22;1771,73;1765,05;1775,22;1758,05;;0,37%
02/08/22;1759,75;1772,23;1788,24;1759,86;;-0,68%
03/08/22;1764,90;1760,53;1772,90;1754,33;;0,29%
04/08/22;1790,97;1765,34;1795,29;1763,00;;1,48%
05/08/22;1774,15;1791,16;1795,29;1764,88;;-0,94%
08/08/22;1788,52;1773,57;1790,26;1770,94;;0,81%
09/08/22;1794,08;1789,21;1800,45;1782,85;;0,31%
10/08/22;1792,13;1794,21;1807,90;1787,32;;-0,11%
11/08/22;1789,45;1792,39;1799,40;1783,24;;-0,15%
12/08/22;1801,76;1790,06;1802,86;1784,52;;0,69%
15/08/22;1778,91;1802,05;1802,53;1772,75;;-1,27%
16/08/22;1775,54;1779,74;1783,37;1771,33;;-0,19%
17/08/22;1761,05;1775,98;1782,63;1759,58;;-0,82%
18/08/22;1758,20;1761,63;1772,59;1755,37;;-0,16%
19/08/22;1747,83;1759,30;1759,88;1745,19;;-0,59%
22/08/22;1735,70;1747,05;1749,31;1727,51;;-0,69%
23/08/22;1747,67;1736,40;1754,28;1730,52;;0,69%
24/08/22;1750,89;1748,55;1755,88;1742,29;;0,18%
25/08/22;1758,44;1751,55;1765,93;1749,71;;0,43%
26/08/22;1736,86;1758,55;1759,31;1733,83;;-1,23%
29/08/22;1737,82;1736,19;1745,63;1720,08;;0,06%
30/08/22;1723,55;1738,36;1740,93;1720,85;;-0,82%
31/08/22;1710,70;1723,83;1726,86;1709,10;;-0,75%
01/09/22;1696,09;1711,09;1711,81;1688,35;;-0,85%
02/09/22;1711,44;1696,35;1718,31;1694,64;;0,91%
05/09/22;1710,21;1712,99;1716,34;1707,47;;-0,07%
06/09/22;1701,15;1710,56;1727,24;1699,30;;-0,53%
07/09/22;1717,69;1701,61;1719,82;1690,90;;0,97%
08/09/22;1707,28;1718,40;1728,80;1703,50;;-0,61%
09/09/22;1716,05;1708,84;1729,94;1708,22;;0,51%
12/09/22;1724,07;1717,05;1735,37;1711,97;;0,47%
13/09/22;1701,55;1724,75;1732,34;1696,70;;-1,31%
14/09/22;1695,80;1701,86;1707,49;1693,26;;-0,34%
15/09/22;1663,74;1696,06;1698,62;1660,04;;-1,89%
16/09/22;1674,94;1664,27;1680,69;1653,85;;0,67%
19/09/22;1675,78;1675,44;1680,16;1659,67;;0,05%
20/09/22;1663,11;1675,47;1679,34;1659,60;;-0,76%
21/09/22;1673,74;1663,67;1688,15;1654,15;;0,64%
22/09/22;1670,53;1675,06;1685,49;1655,53;;-0,19%
23/09/22;1643,09;1671,55;1676,59;1639,59;;-1,64%
26/09/22;1621,57;1645,40;1650,02;1620,80;;-1,31%
27/09/22;1628,80;1621,99;1642,94;1621,77;;0,45%
28/09/22;1659,44;1629,26;1663,17;1614,35;;1,88%
29/09/22;1660,29;1659,88;1665,12;1641,05;;0,05%
30/09/22;1659,67;1661,13;1675,57;1658,93;;-0,04%
03/10/22;1699,22;1661,30;1701,80;1659,10;;2,38%
04/10/22;1726,24;1699,40;1729,73;1694,73;;1,59%
05/10/22;1715,81;1726,42;1728,10;1700,15;;-0,60%
06/10/22;1710,85;1716,06;1726,09;1706,53;;-0,29%
07/10/22;1694,52;1711,10;1715,40;1690,35;;-0,95%
10/10/22;1667,96;1696,80;1700,33;1665,30;;-1,57%
11/10/22;1665,31;1668,40;1684,44;1660,45;;-0,16%
12/10/22;1672,51;1666,49;1678,90;1660,95;;0,43%
13/10/22;1665,80;1673,30;1682,84;1642,25;;-0,40%
14/10/22;1641,76;1665,90;1672,02;1639,90;;-1,44%
17/10/22;1649,94;1644,09;1668,69;1643,69;;0,50%
18/10/22;1651,83;1650,49;1661,27;1645,61;;0,11%
19/10/22;1628,49;1651,99;1654,90;1627,25;;-1,41%
20/10/22;1627,66;1629,93;1645,83;1621,93;;-0,05%
21/10/22;1656,66;1628,10;1659,08;1617,21;;1,78%
24/10/22;1648,60;1658,19;1670,55;1643,64;;-0,49%
25/10/22;1652,52;1649,70;1662,89;1637,82;;0,24%
26/10/22;1664,49;1653,21;1675,12;1649,15;;0,72%
27/10/22;1662,94;1664,50;1671,09;1654,81;;-0,09%
28/10/22;1641,76;1663,30;1667,44;1637,39;;-1,27%
31/10/22;1633,12;1643,69;1645,80;1631,77;;-0,53%
01/11/22;1647,50;1633,40;1657,13;1630,93;;0,88%
02/11/22;1634,89;1647,77;1669,60;1634,40;;-0,77%
03/11/22;1629,15;1635,80;1641,32;1616,18;;-0,35%
04/11/22;1680,27;1629,40;1682,17;1628,23;;3,14%
07/11/22;1674,68;1681,30;1682,08;1666,44;;-0,33%
08/11/22;1712,52;1674,75;1717,31;1664,32;;2,26%
09/11/22;1706,32;1712,60;1722,94;1701,79;;-0,36%
10/11/22;1754,75;1706,40;1757,59;1703,32;;2,84%
11/11/22;1770,69;1754,92;1773,17;1746,85;;0,91%
14/11/22;1771,80;1771,42;1775,36;1752,90;;0,06%
15/11/22;1778,25;1771,88;1786,68;1766,56;;0,36%
16/11/22;1773,77;1778,34;1785,49;1769,82;;-0,25%
17/11/22;1760,87;1773,82;1775,20;1754,13;;-0,73%
18/11/22;1749,74;1760,74;1767,98;1747,04;;-0,63%
21/11/22;1737,81;1750,82;1753,52;1732,03;;-0,68%
22/11/22;1740,24;1738,48;1749,98;1736,61;;0,14%
23/11/22;1749,28;1740,30;1753,54;1728,25;;0,52%
24/11/22;1754,96;1749,53;1759,08;1749,03;;0,32%
25/11/22;1756,14;1756,48;1761,58;1745,46;;0,07%
28/11/22;1740,75;1755,00;1764,08;1739,14;;-0,88%
29/11/22;1749,73;1740,82;1759,33;1738,98;;0,52%
30/11/22;1768,45;1749,82;1770,39;1744,41;;1,07%
01/12/22;1802,89;1768,54;1804,32;1767,36;;1,95%
02/12/22;1797,82;1803,15;1804,93;1778,26;;-0,28%
05/12/22;1768,39;1797,92;1810,33;1765,32;;-1,64%
06/12/22;1770,91;1768,67;1781,46;1765,72;;0,14%
07/12/22;1786,22;1771,14;1790,92;1768,32;;0,86%
08/12/22;1789,23;1786,29;1795,18;1780,96;;0,17%
09/12/22;1796,63;1789,30;1806,45;1787,96;;0,41%
12/12/22;1781,15;1797,35;1798,00;1777,22;;-0,86%
13/12/22;1810,29;1781,21;1824,87;1779,81;;1,64%
14/12/22;1807,27;1810,49;1814,19;1796,07;;-0,17%
15/12/22;1776,66;1807,40;1809,09;1772,00;;-1,69%
16/12/22;1792,34;1776,72;1794,69;1773,89;;0,88%
19/12/22;1787,44;1793,13;1799,10;1783,48;;-0,27%
20/12/22;1817,41;1787,49;1821,60;1784,21;;1,68%
21/12/22;1814,13;1818,06;1824,39;1811,24;;-0,18%
22/12/22;1792,57;1814,20;1821,10;1784,11;;-1,19%
23/12/22;1797,91;1792,65;1803,60;1789,62;;0,30%
26/12/22;1797,61;1798,57;1798,78;1798,04;;-0,02%
27/12/22;1813,93;1796,67;1833,39;1796,20;;0,91%
28/12/22;1804,09;1814,00;1815,18;1796,56;;-0,54%
29/12/22;1814,89;1804,16;1820,52;1802,02;;0,60%
30/12/22;1824,40;1815,14;1826,73;1809,84;;0,52%
02/01/23;1823,69;1823,85;1823,94;1823,85;;-0,04%
03/01/23;1839,49;1826,14;1850,69;1824,42;;0,87%
04/01/23;1854,09;1839,51;1865,49;1835,92;;0,79%
05/01/23;1833,19;1854,19;1859,36;1824,68;;-1,13%
06/01/23;1865,71;1833,27;1870,37;1830,53;;1,77%
09/01/23;1871,59;1865,45;1881,80;1864,59;;0,32%
10/01/23;1877,27;1871,66;1881,04;1867,37;;0,30%
11/01/23;1876,38;1877,30;1887,09;1866,75;;-0,05%
12/01/23;1896,86;1876,43;1901,88;1873,64;;1,09%
13/01/23;1920,21;1897,03;1922,24;1891,80;;1,23%
16/01/23;1918,00;1920,39;1929,24;1910,74;;-0,12%
17/01/23;1908,39;1917,81;1919,83;1903,51;;-0,50%
18/01/23;1903,76;1908,46;1926,30;1896,56;;-0,24%
19/01/23;1931,39;1903,83;1935,40;1900,48;;1,45%
20/01/23;1926,57;1931,48;1937,72;1920,58;;-0,25%
23/01/23;1931,30;1926,20;1935,69;1911,44;;0,25%
24/01/23;1937,45;1931,35;1942,93;1916,82;;0,32%
25/01/23;1945,93;1937,54;1948,12;1919,88;;0,44%
26/01/23;1928,99;1946,09;1949,27;1918,74;;-0,87%
27/01/23;1927,34;1929,40;1935,15;1916,65;;-0,09%
30/01/23;1922,52;1928,40;1934,61;1920,58;;-0,25%
31/01/23;1927,88;1922,82;1931,15;1900,74;;0,28%
01/02/23;1950,42;1927,92;1954,63;1920,56;;1,17%
02/02/23;1912,37;1950,54;1959,77;1911,33;;-1,95%
03/02/23;1865,53;1912,57;1918,72;1861,41;;-2,45%
06/02/23;1867,36;1865,17;1881,54;1860,39;;0,10%
07/02/23;1873,81;1867,39;1884,45;1864,94;;0,35%
08/02/23;1875,59;1874,05;1886,28;1867,40;;0,09%
09/02/23;1861,39;1875,64;1890,69;1858,89;;-0,76%
10/02/23;1864,67;1861,68;1872,31;1852,69;;0,18%
13/02/23;1853,39;1865,69;1866,83;1850,42;;-0,60%
14/02/23;1854,29;1853,67;1871,03;1843,20;;0,05%
15/02/23;1836,19;1854,35;1860,18;1830,20;;-0,98%
16/02/23;1837,44;1836,56;1845,45;1827,18;;0,07%
17/02/23;1841,59;1837,52;1843,77;1818,34;;0,23%
20/02/23;1841,14;1842,73;1847,86;1837,09;;-0,02%
21/02/23;1834,32;1841,71;1844,44;1829,70;;-0,37%
22/02/23;1825,04;1834,71;1846,26;1823,05;;-0,51%
23/02/23;1822,64;1825,12;1834,43;1817,55;;-0,13%
24/02/23;1810,81;1822,74;1827,98;1808,91;;-0,65%
27/02/23;1817,31;1812,01;1820,22;1806,68;;0,36%
28/02/23;1827,15;1817,38;1831,27;1804,65;;0,54%
01/03/23;1836,81;1827,24;1845,05;1823,05;;0,53%
02/03/23;1836,00;1837,20;1838,94;1829,44;;-0,04%
03/03/23;1854,97;1836,10;1856,47;1834,51;;1,03%
06/03/23;1846,85;1855,35;1858,84;1845,08;;-0,44%
07/03/23;1813,52;1846,92;1852,26;1812,72;;-1,80%
08/03/23;1813,59;1813,61;1824,38;1809,40;;0,00%
09/03/23;1830,89;1813,65;1835,56;1811,84;;0,95%
10/03/23;1867,83;1830,96;1870,28;1827,71;;2,02%
13/03/23;1913,23;1869,01;1914,79;1869,01;;2,43%
14/03/23;1902,12;1913,19;1914,52;1895,17;;-0,58%
15/03/23;1918,10;1903,91;1937,46;1885,78;;0,84%
16/03/23;1919,12;1920,54;1934,12;1907,55;;0,05%
17/03/23;1987,93;1920,00;1989,80;1918,33;;3,59%
20/03/23;1978,71;1987,59;2010,19;1965,77;;-0,46%
21/03/23;1940,15;1979,17;1985,30;1935,41;;-1,95%
22/03/23;1969,58;1940,44;1978,93;1934,33;;1,52%
23/03/23;1993,50;1967,91;2003,43;1964,39;;1,21%
24/03/23;1977,22;1993,99;2003,19;1975,18;;-0,82%
27/03/23;1956,56;1977,66;1979,89;1943,68;;-1,04%
28/03/23;1973,69;1957,23;1975,45;1948,66;;0,88%
29/03/23;1964,04;1972,82;1974,64;1958,62;;-0,49%
30/03/23;1980,25;1962,58;1984,40;1955,44;;0,83%
31/03/23;1967,90;1978,62;1987,84;1966,89;;-0,62%
03/04/23;1984,11;1970,84;1990,64;1949,82;;0,82%
04/04/23;2019,97;1984,59;2025,19;1977,01;;1,81%
05/04/23;2020,35;2020,44;2032,20;2009,99;;0,02%
06/04/23;2008,02;2020,13;2021,63;2000,88;;-0,61%
10/04/23;1989,95;2008,30;2011,17;1981,59;;-0,90%
11/04/23;2003,14;1990,36;2007,58;1988,72;;0,66%
12/04/23;2014,67;2003,67;2028,40;2001,18;;0,58%
13/04/23;2039,73;2014,00;2048,84;2012,45;;1,24%
14/04/23;2003,04;2040,40;2047,60;1992,41;;-1,80%
17/04/23;1994,77;2001,85;2015,13;1981,34;;-0,41%
18/04/23;2004,93;1995,19;2011,98;1991,33;;0,51%
19/04/23;1993,26;2007,49;2008,33;1969,28;;-0,58%
20/04/23;2004,34;1993,58;2012,74;1990,49;;0,56%
21/04/23;1982,89;2004,29;2005,75;1971,65;;-1,07%
24/04/23;1988,88;1981,34;1990,97;1974,19;;0,30%
25/04/23;1997,87;1991,45;2003,90;1976,14;;0,45%
26/04/23;1989,48;2000,63;2009,51;1983,43;;-0,42%
27/04/23;1987,87;1987,58;2003,45;1973,80;;-0,08%
28/04/23;1989,65;1986,75;1995,13;1976,08;;0,09%
01/05/23;1982,05;1991,34;2006,05;1977,05;;-0,38%
02/05/23;2016,28;1982,81;2019,54;1978,38;;1,73%
03/05/23;2039,02;2014,80;2040,69;2007,96;;1,13%
04/05/23;2051,11;2036,86;2073,29;2030,34;;0,59%
05/05/23;2016,54;2051,73;2053,13;1999,30;;-1,69%
08/05/23;2021,39;2015,95;2029,63;2014,10;;0,24%
09/05/23;2034,17;2022,24;2037,70;2019,50;;0,63%
10/05/23;2029,51;2034,19;2048,22;2021,57;;-0,23%
11/05/23;2015,55;2030,56;2041,44;2011,19;;-0,69%
12/05/23;2011,15;2015,19;2022,56;2001,05;;-0,22%
15/05/23;2020,60;2011,72;2022,20;2007,28;;0,47%
16/05/23;1988,60;2015,90;2018,94;1985,47;;-1,58%
17/05/23;1981,72;1988,94;1993,13;1974,80;;-0,35%
18/05/23;1958,05;1981,52;1986,12;1951,97;;-1,19%
19/05/23;1976,56;1957,40;1984,09;1954,05;;0,94%
22/05/23;1969,43;1977,80;1982,66;1968,40;;-0,36%
23/05/23;1974,73;1971,99;1977,80;1954,29;;0,27%
24/05/23;1957,01;1975,19;1985,30;1956,51;;-0,90%
25/05/23;1940,34;1958,13;1964,95;1938,86;;-0,85%
26/05/23;1946,33;1940,69;1957,40;1936,84;;0,31%
29/05/23;1942,84;1944,09;1949,75;1940,30;;-0,18%
30/05/23;1959,14;1944,19;1963,63;1932,08;;0,84%
31/05/23;1962,30;1959,30;1975,34;1953,67;;0,16%
01/06/23;1977,88;1962,80;1983,27;1953,43;;0,79%
02/06/23;1947,63;1978,14;1983,52;1947,67;;-1,53%
05/06/23;1961,76;1947,59;1964,13;1938,14;;0,73%
06/06/23;1962,85;1962,11;1966,85;1954,00;;0,06%
07/06/23;1939,63;1963,59;1970,26;1939,80;;-1,18%
08/06/23;1967,76;1940,59;1970,50;1939,81;;1,45%
09/06/23;1960,60;1968,10;1973,09;1956,73;;-0,36%
12/06/23;1956,92;1960,25;1967,55;1948,80;;-0,19%
13/06/23;1943,33;1957,69;1970,74;1939,99;;-0,69%
14/06/23;1942,99;1943,49;1960,41;1939,73;;-0,02%
15/06/23;1957,65;1943,44;1960,34;1925,30;;0,75%
16/06/23;1957,36;1957,68;1968,00;1953,42;;-0,01%
19/06/23;1950,12;1957,99;1958,93;1947,80;;-0,37%
20/06/23;1935,91;1950,90;1956,87;1929,77;;-0,73%
21/06/23;1932,26;1935,42;1939,55;1919,34;;-0,19%
22/06/23;1913,52;1932,09;1935,00;1912,34;;-0,97%
23/06/23;1921,36;1913,80;1937,10;1910,24;;0,41%
26/06/23;1922,85;1924,30;1933,48;1921,59;;0,08%
27/06/23;1913,35;1923,21;1930,85;1911,19;;-0,49%
28/06/23;1907,42;1913,59;1917,24;1902,84;;-0,31%
29/06/23;1908,15;1908,80;1913,15;1893,01;;0,04%
30/06/23;1919,57;1908,53;1922,90;1900,56;;0,60%
03/07/23;1921,43;1919,40;1931,09;1910,10;;0,10%
04/07/23;1925,09;1921,78;1930,84;1919,90;;0,19%
05/07/23;1917,32;1925,90;1935,17;1914,48;;-0,40%
06/07/23;1910,80;1916,05;1927,69;1902,68;;-0,34%
07/07/23;1924,28;1911,07;1934,92;1909,56;;0,71%
10/07/23;1924,99;1925,19;1928,31;1912,68;;0,04%
11/07/23;1931,99;1925,40;1938,69;1924,40;;0,36%
12/07/23;1957,09;1932,59;1959,82;1932,18;;1,30%
13/07/23;1960,19;1957,44;1963,69;1952,71;;0,16%
14/07/23;1954,93;1961,58;1963,81;1951,00;;-0,27%
17/07/23;1954,74;1954,90;1959,91;1945,82;;-0,01%
18/07/23;1978,71;1954,59;1984,39;1954,44;;1,23%
19/07/23;1977,25;1978,97;1981,05;1969,75;;-0,07%
20/07/23;1969,62;1976,80;1987,59;1965,40;;-0,39%
21/07/23;1960,23;1969,99;1973,89;1956,82;;-0,48%
24/07/23;1954,51;1962,09;1967,97;1953,42;;-0,29%
25/07/23;1964,58;1955,20;1966,03;1953,21;;0,52%
26/07/23;1972,10;1964,99;1978,31;1961,99;;0,38%
27/07/23;1944,99;1972,08;1982,24;1942,61;;-1,38%
28/07/23;1959,20;1944,27;1963,71;1944,27;;0,73%
31/07/23;1964,19;1959,49;1972,44;1951,00;;0,25%
01/08/23;1944,08;1965,10;1966,24;1941,20;;-1,02%
02/08/23;1933,56;1945,74;1955,40;1933,00;;-0,54%
03/08/23;1933,74;1934,66;1939,03;1929,55;;0,01%
04/08/23;1941,62;1934,12;1947,19;1929,75;;0,41%
07/08/23;1936,39;1942,59;1946,81;1931,53;;-0,27%
08/08/23;1924,82;1936,76;1938,15;1922,50;;-0,60%
09/08/23;1914,59;1925,16;1932,48;1914,05;;-0,53%
10/08/23;1912,06;1914,94;1930,11;1911,73;;-0,13%
11/08/23;1913,32;1912,65;1921,15;1910,94;;0,07%
14/08/23;1907,90;1913,67;1916,55;1902,20;;-0,28%
15/08/23;1901,56;1907,40;1912,19;1896,15;;-0,33%
16/08/23;1891,76;1901,59;1907,90;1891,30;;-0,52%
17/08/23;1888,89;1892,20;1903,90;1884,50;;-0,15%
18/08/23;1888,19;1889,49;1897,44;1886,20;;-0,04%
21/08/23;1893,94;1889,40;1899,05;1884,50;;0,30%
22/08/23;1897,47;1895,09;1905,05;1888,60;;0,19%
23/08/23;1914,31;1897,80;1920,94;1897,23;;0,89%
24/08/23;1917,43;1914,15;1923,94;1911,35;;0,16%
25/08/23;1914,53;1917,80;1923,09;1903,40;;-0,15%
28/08/23;1919,66;1916,09;1926,19;1912,83;;0,27%
29/08/23;1937,12;1920,23;1938,41;1914,00;;0,91%
30/08/23;1942,24;1937,48;1949,04;1934,94;;0,26%
31/08/23;1939,74;1942,61;1948,19;1938,86;;-0,13%
01/09/23;1938,80;1940,19;1953,44;1934,59;;-0,05%
04/09/23;1938,19;1940,49;1946,42;1936,15;;-0,03%
05/09/23;1925,81;1938,59;1939,13;1925,22;;-0,64%
06/09/23;1916,28;1926,16;1929,80;1914,80;;-0,50%
07/09/23;1919,19;1916,86;1923,67;1916,10;;0,15%
08/09/23;1917,81;1919,57;1930,19;1917,36;;-0,07%
11/09/23;1921,66;1919,16;1930,90;1916,90;;0,20%
12/09/23;1913,26;1922,90;1925,05;1907,15;;-0,44%
13/09/23;1906,30;1913,55;1916,30;1905,50;;-0,36%
14/09/23;1910,32;1906,68;1912,99;1900,95;;0,21%
15/09/23;1923,57;1910,90;1930,84;1909,74;;0,69%
18/09/23;1933,14;1924,19;1934,61;1922,15;;0,50%
19/09/23;1930,94;1933,68;1937,94;1929,71;;-0,11%
20/09/23;1929,68;1931,69;1947,80;1927,90;;-0,07%
21/09/23;1919,57;1930,99;1931,74;1913,40;;-0,52%
22/09/23;1924,99;1920,08;1929,65;1919,58;;0,28%
25/09/23;1915,66;1925,24;1927,26;1915,00;;-0,48%
26/09/23;1900,49;1916,03;1916,89;1899,17;;-0,79%
27/09/23;1874,70;1900,69;1903,95;1872,47;;-1,36%
28/09/23;1864,56;1875,73;1880,15;1857,76;;-0,54%
29/09/23;1848,31;1865,43;1880,24;1846,34;;-0,87%
02/10/23;1827,40;1848,13;1849,06;1826,60;;-1,13%
03/10/23;1822,81;1827,96;1833,36;1814,70;;-0,25%
04/10/23;1821,08;1824,30;1831,05;1816,15;;-0,10%
05/10/23;1820,01;1820,49;1829,30;1812,70;;-0,06%
06/10/23;1832,26;1820,40;1834,97;1810,10;;0,67%
09/10/23;1860,88;1832,74;1864,15;1832,63;;1,56%
10/10/23;1860,09;1861,27;1865,65;1852,65;;-0,04%
11/10/23;1873,61;1859,99;1877,22;1858,60;;0,73%
12/10/23;1868,65;1874,10;1885,30;1866,92;;-0,26%
13/10/23;1931,70;1869,02;1933,76;1868,94;;3,37%
16/10/23;1919,44;1929,30;1931,80;1907,65;;-0,63%
17/10/23;1923,07;1920,14;1931,56;1911,85;;0,19%
18/10/23;1947,69;1923,70;1962,74;1923,05;;1,28%
19/10/23;1973,70;1947,99;1977,86;1945,18;;1,34%
20/10/23;1981,04;1974,31;1997,27;1971,93;;0,37%
23/10/23;1972,59;1972,90;1983,40;1964,36;;-0,43%
24/10/23;1970,11;1972,97;1980,99;1953,50;;-0,13%
25/10/23;1979,62;1971,36;1987,19;1963,34;;0,48%
26/10/23;1984,82;1979,97;1994,05;1971,60;;0,26%
27/10/23;2005,78;1985,17;2009,48;1976,35;;1,06%
30/10/23;1995,88;2004,80;2007,37;1990,50;;-0,49%
31/10/23;1982,70;1996,00;2007,80;1978,90;;-0,66%
01/11/23;1982,15;1983,01;1992,09;1969,90;;-0,03%
02/11/23;1985,51;1983,53;1991,49;1978,90;;0,17%
03/11/23;1992,27;1985,69;2004,06;1983,26;;0,34%
06/11/23;1977,68;1992,30;1993,30;1977,52;;-0,73%
07/11/23;1968,40;1978,19;1978,75;1956,20;;-0,47%
08/11/23;1949,79;1968,84;1971,12;1947,48;;-0,95%
09/11/23;1958,19;1950,09;1965,69;1944,30;;0,43%
10/11/23;1936,79;1958,40;1960,93;1933,18;;-1,09%
13/11/23;1945,89;1937,05;1949,27;1931,73;;0,47%
14/11/23;1962,67;1946,19;1970,84;1943,40;;0,86%
15/11/23;1959,09;1963,05;1975,59;1955,41;;-0,18%
16/11/23;1980,85;1959,44;1988,03;1956,49;;1,11%
17/11/23;1980,01;1981,21;1993,94;1978,59;;-0,04%
20/11/23;1977,19;1980,39;1985,26;1965,20;;-0,14%
21/11/23;1998,37;1977,49;2007,52;1977,34;;1,07%
22/11/23;1989,72;1998,69;2006,90;1986,89;;-0,43%
23/11/23;1991,79;1990,15;1999,19;1989,01;;0,10%
24/11/23;2001,97;1994,06;2003,68;1991,40;;0,51%
27/11/23;2013,64;2002,78;2018,14;2000,67;;0,58%
28/11/23;2040,89;2013,94;2043,00;2011,60;;1,35%
29/11/23;2044,59;2041,24;2052,09;2035,05;;0,18%
30/11/23;2035,75;2044,80;2047,59;2031,84;;-0,43%
01/12/23;2070,90;2034,49;2075,34;2033,75;;1,73%
04/12/23;2029,74;2071,25;2135,90;2020,34;;-1,99%
05/12/23;2019,42;2030,15;2041,33;2010,02;;-0,51%
06/12/23;2024,90;2019,74;2036,30;2017,27;;0,27%
07/12/23;2028,34;2025,30;2039,93;2020,26;;0,17%
08/12/23;2003,39;2028,69;2034,19;1994,74;;-1,23%
11/12/23;1981,30;2003,60;2008,72;1975,95;;-1,10%
12/12/23;1979,44;1981,59;1996,80;1977,19;;-0,09%
13/12/23;2026,39;1979,74;2027,55;1973,09;;2,37%
14/12/23;2035,53;2026,59;2047,98;2024,33;;0,45%
15/12/23;2018,19;2035,80;2045,55;2015,68;;-0,85%
18/12/23;2027,00;2020,09;2033,71;2015,99;;0,44%
19/12/23;2040,12;2027,30;2047,07;2021,74;;0,65%
20/12/23;2029,19;2040,34;2043,94;2029,37;;-0,54%
21/12/23;2045,49;2029,44;2046,07;2029,44;;0,80%
22/12/23;2052,98;2045,84;2070,65;2045,65;;0,37%
25/12/23;2054,93;2054,32;2058,36;2053,96;;0,10%
26/12/23;2066,60;2055,73;2068,65;2053,59;;0,57%
27/12/23;2077,16;2066,70;2084,59;2061,00;;0,51%
28/12/23;2064,86;2077,34;2088,54;2065,89;;-0,59%
29/12/23;2062,59;2065,15;2075,15;2057,75;;-0,11%
01/01/24;2063,80;2064,24;2074,90;2063,30;;0,06%