Tanggal,Terakhir,Pembukaan,Tertinggi,Terendah,Vol.,Perubahan%
01/01/2019,1282.62,1283.13,1283.24,1282.62,,-0.02%
01/02/2019,1284.77,1281.62,1288.69,1278.33,,0.17%
01/03/2019,1293.99,1285.12,1295.27,1284.16,,0.72%
01/04/2019,1284.92,1294.06,1298.51,1276.49,,-0.7%
01/07/2019,1288.67,1285.78,1295.14,1282.29,,0.29%
01/08/2019,1285.35,1289.13,1290.69,1279.2,,-0.26%
01/09/2019,1293.13,1285.36,1293.95,1279.63,,0.61%
01/10/2019,1286.38,1293.11,1297.14,1285.81,,-0.52%
01/11/2019,1288,1286.72,1295.65,1286.25,,0.13%
01/14/2019,1291.73,1287.16,1295.9,1287.16,,0.29%
01/15/2019,1289.31,1291.76,1294.7,1286.37,,-0.19%
01/16/2019,1293.52,1289.13,1295.02,1287.59,,0.33%
01/17/2019,1291.9,1293.99,1295.84,1288.96,,-0.13%
01/18/2019,1281.49,1292.18,1292.86,1280.64,,-0.81%
01/21/2019,1280.28,1281.75,1284.29,1277.06,,-0.09%
01/22/2019,1285.04,1279.73,1285.84,1277.25,,0.37%
01/23/2019,1282.39,1285.34,1286.92,1278.38,,-0.21%
01/24/2019,1280.94,1282.74,1285.15,1276.97,,-0.11%
01/25/2019,1303.22,1280.94,1303.69,1279.39,,1.74%
01/28/2019,1303.53,1303.49,1304.49,1297.26,,0.02%
01/29/2019,1311.93,1303.53,1312.05,1302.12,,0.64%
01/30/2019,1319.91,1312.27,1323.74,1308.81,,0.61%
01/31/2019,1320.94,1320.18,1326.68,1317.55,,0.08%
02/01/2019,1318,1320.95,1323.58,1315.66,,-0.22%
02/04/2019,1311.75,1317.55,1318.8,1308.26,,-0.47%
02/05/2019,1315.01,1311.75,1316.86,1310.3,,0.25%
02/06/2019,1306.22,1315.03,1315.88,1305.38,,-0.67%
02/07/2019,1310.09,1305.87,1311.99,1302.17,,0.3%
02/08/2019,1314.07,1310.14,1315.72,1307.23,,0.3%
02/11/2019,1308.33,1314.22,1314.88,1303.58,,-0.44%
02/12/2019,1310.89,1308.55,1315.12,1306.64,,0.2%
02/13/2019,1306.19,1310.88,1318.19,1304.5,,-0.36%
02/14/2019,1312.55,1306.16,1314.43,1302.63,,0.49%
02/15/2019,1321.41,1312.98,1322.98,1311.16,,0.68%
02/18/2019,1326.9,1321.95,1328.39,1321.11,,0.42%
02/19/2019,1341.16,1325.9,1341.87,1322.33,,1.07%
02/20/2019,1338.49,1341.25,1346.81,1336.63,,-0.2%
02/21/2019,1323.49,1338.89,1341.88,1322.24,,-1.12%
02/22/2019,1327.8,1323.52,1333.17,1321.16,,0.33%
02/25/2019,1327.12,1328.57,1332.59,1325.03,,-0.05%
02/26/2019,1328.96,1327.44,1330.59,1323.61,,0.14%
02/27/2019,1319.88,1328.91,1329.63,1316.51,,-0.68%
02/28/2019,1313.05,1320.18,1327.42,1312.54,,-0.52%
03/01/2019,1293.56,1312.81,1315.33,1290.16,,-1.48%
03/04/2019,1286.66,1293.62,1297.11,1282.75,,-0.53%
03/05/2019,1287.43,1286.67,1289.75,1280.95,,0.06%
03/06/2019,1286.76,1287.62,1291.07,1283.45,,-0.05%
03/07/2019,1285.74,1286.71,1289.06,1281.16,,-0.08%
03/08/2019,1298.39,1285.91,1300.99,1285.29,,0.98%
03/11/2019,1294.25,1298.7,1299.27,1290.15,,-0.32%
03/12/2019,1302.01,1293.71,1302.19,1292.06,,0.6%
03/13/2019,1309.28,1302.01,1311.33,1300.56,,0.56%
03/14/2019,1296.28,1309.61,1310.46,1292.75,,-0.99%
03/15/2019,1301.38,1295.74,1306.58,1293.66,,0.39%
03/18/2019,1303.7,1301.64,1306.78,1298.12,,0.18%
03/19/2019,1306.55,1303.45,1311.07,1302.45,,0.22%
03/20/2019,1312.48,1305.61,1316.83,1298.5,,0.45%
03/21/2019,1309.45,1312.64,1320.47,1303.25,,-0.23%
03/22/2019,1313.38,1309.14,1315.08,1306.81,,0.3%
03/25/2019,1321.9,1313.05,1324.43,1310.8,,0.65%
03/26/2019,1315.51,1321.51,1323.24,1312.51,,-0.48%
03/27/2019,1309.87,1315.81,1319.57,1308.07,,-0.43%
03/28/2019,1290.55,1309.85,1312.63,1288.7,,-1.47%
03/29/2019,1292.15,1290.14,1299.82,1286.6,,0.12%
04/01/2019,1287.66,1291.33,1297.04,1286.5,,-0.35%
04/02/2019,1293.15,1287.55,1293.15,1285.16,,0.43%
04/03/2019,1289.9,1292.21,1294.67,1288.2,,-0.25%
04/04/2019,1292.38,1289.95,1294.36,1280.84,,0.19%
04/05/2019,1291.7,1292.46,1293.77,1284.46,,-0.05%
04/08/2019,1297.41,1291.65,1303.86,1291.35,,0.44%
04/09/2019,1304.13,1297.24,1306.34,1296.55,,0.52%
04/10/2019,1308.05,1303.96,1310.75,1300.89,,0.3%
04/11/2019,1292.6,1307.95,1309.36,1289.45,,-1.18%
04/12/2019,1290.4,1292.3,1296.05,1290.11,,-0.17%
04/15/2019,1287.88,1290.45,1292.01,1282.21,,-0.2%
04/16/2019,1276.57,1287.91,1289,1273.1,,-0.88%
04/17/2019,1274.14,1276.86,1280.06,1272.93,,-0.19%
04/18/2019,1275.39,1273.38,1277.95,1271.02,,0.1%
04/22/2019,1274.92,1275.83,1279.96,1273.45,,-0.04%
04/23/2019,1272.4,1275.26,1276.66,1266.15,,-0.2%
04/24/2019,1275.36,1272.31,1278.74,1268.55,,0.23%
04/25/2019,1277.35,1275.6,1282.78,1273.5,,0.16%
04/26/2019,1286.25,1277.42,1288.99,1276.05,,0.7%
04/29/2019,1279.8,1286.4,1286.81,1277.78,,-0.5%
04/30/2019,1283.6,1279.98,1286.39,1279.54,,0.3%
05/01/2019,1276.61,1283.46,1287.21,1272.99,,-0.54%
05/02/2019,1270.54,1276.81,1278.18,1266.1,,-0.48%
05/03/2019,1279.19,1270.61,1282.67,1268.81,,0.68%
05/06/2019,1280.33,1281.06,1285.76,1276.6,,0.09%
05/07/2019,1285.15,1281.55,1286.74,1278.5,,0.38%
05/08/2019,1280.93,1284.16,1291.79,1279.35,,-0.33%
05/09/2019,1284.14,1280.49,1288.52,1279.41,,0.25%
05/10/2019,1286,1284.36,1289.73,1283.21,,0.14%
05/13/2019,1299.9,1286.56,1301.35,1281.6,,1.08%
05/14/2019,1297.03,1300.11,1303.51,1293.33,,-0.22%
05/15/2019,1296.66,1297.17,1301.02,1292.7,,-0.03%
05/16/2019,1286.65,1296.75,1298.92,1283.95,,-0.77%
05/17/2019,1277.55,1286.5,1289.29,1274.91,,-0.71%
05/20/2019,1277.74,1277.8,1279.14,1273.47,,0.01%
05/21/2019,1274.97,1277.95,1278.06,1269.22,,-0.22%
05/22/2019,1273.62,1274.61,1277.42,1272.15,,-0.11%
05/23/2019,1283.45,1273.8,1287.63,1272.58,,0.77%
05/24/2019,1284.89,1283.4,1285.42,1280.45,,0.11%
05/27/2019,1285.2,1285.8,1287.72,1283.8,,0.02%
05/28/2019,1279.49,1285.59,1286.86,1276.07,,-0.44%
05/29/2019,1279.6,1279.71,1285.77,1278.87,,0.01%
05/30/2019,1288.85,1279.71,1289.22,1274.79,,0.72%
05/31/2019,1305.65,1288.35,1307.04,1288.09,,1.3%
06/03/2019,1325.17,1307.55,1328.3,1306.7,,1.5%
06/04/2019,1325.28,1325.05,1329.38,1319.98,,0.01%
06/05/2019,1330.18,1325.5,1344.26,1324.6,,0.37%
06/06/2019,1335.55,1332.36,1340.43,1327.8,,0.4%
06/07/2019,1340.7,1335.6,1348.48,1330.08,,0.39%
06/10/2019,1328.13,1335.96,1337.84,1324.9,,-0.94%
06/11/2019,1326.91,1328.26,1330.06,1319.6,,-0.09%
06/12/2019,1333.55,1326.78,1338.62,1326.18,,0.5%
06/13/2019,1342.35,1334,1343.43,1332.27,,0.66%
06/14/2019,1341.58,1341.55,1358.29,1337.83,,-0.06%
06/17/2019,1339.54,1341.91,1343.38,1332.7,,-0.15%
06/18/2019,1346.48,1340.09,1354.6,1338.65,,0.52%
06/19/2019,1360.27,1346.56,1362.5,1341.15,,1.02%
06/20/2019,1388.18,1360.36,1393.24,1357.8,,2.05%
06/21/2019,1399.05,1388.22,1411.18,1382.4,,0.78%
06/24/2019,1419.55,1401.35,1421.3,1400.48,,1.47%
06/25/2019,1423.25,1419.17,1439.03,1412.3,,0.26%
06/26/2019,1408.75,1423.91,1424.06,1402.38,,-1.02%
06/27/2019,1409.68,1409.56,1412,1400.25,,0.07%
06/28/2019,1409.5,1409.56,1424.64,1406.81,,-0.01%
07/01/2019,1384.31,1392.83,1397.56,1381.76,,-1.79%
07/02/2019,1418.44,1383.4,1419.72,1383.4,,2.47%
07/03/2019,1418.94,1419.95,1436.39,1412.48,,0.04%
07/04/2019,1415.64,1419.8,1422,1410.59,,-0.23%
07/05/2019,1399.95,1415.81,1424.36,1386.92,,-1.11%
07/08/2019,1395.5,1399.95,1407.9,1391.75,,-0.32%
07/09/2019,1397.9,1395.3,1399.9,1386.21,,0.17%
07/10/2019,1419,1397.8,1419.2,1389.75,,1.51%
07/11/2019,1404,1419.4,1426.4,1401.6,,-1.06%
07/12/2019,1415.74,1403.85,1416.88,1403.06,,0.84%
07/15/2019,1414.08,1415.9,1419.75,1407.76,,-0.12%
07/16/2019,1406.33,1414.69,1418.43,1401.18,,-0.55%
07/17/2019,1426.8,1406.41,1427,1399.95,,1.46%
07/18/2019,1446.3,1426.9,1448.3,1414.66,,1.37%
07/19/2019,1425.3,1446.38,1452.98,1420.29,,-1.45%
07/22/2019,1425.12,1425.15,1429.83,1422.35,,-0.01%
07/23/2019,1417.39,1425.15,1429.25,1414.2,,-0.54%
07/24/2019,1425.9,1417.26,1429.3,1416.2,,0.6%
07/25/2019,1414.53,1426.6,1433.86,1411.17,,-0.8%
07/26/2019,1418.69,1414.59,1424.8,1413.77,,0.29%
07/29/2019,1426.94,1419.04,1428.25,1416.86,,0.58%
07/30/2019,1430.85,1426.71,1433.03,1421.91,,0.27%
07/31/2019,1413.8,1430.91,1432.94,1411.35,,-1.19%
08/01/2019,1445.31,1411.21,1445.81,1400.56,,2.23%
08/02/2019,1440.7,1445.66,1448.05,1430.08,,-0.32%
08/05/2019,1463.8,1440.6,1469.8,1436.9,,1.6%
08/06/2019,1474.27,1464.2,1475.21,1456.65,,0.72%
08/07/2019,1501.2,1474.25,1510.4,1472.36,,1.83%
08/08/2019,1500.95,1501.95,1510.35,1490.74,,-0.02%
08/09/2019,1497.24,1501.4,1508.4,1494.62,,-0.25%
08/12/2019,1511.4,1497.51,1517.71,1487.68,,0.95%
08/13/2019,1501.39,1510.61,1534.56,1481.31,,-0.66%
08/14/2019,1516.34,1501.38,1524.1,1494.25,,1%
08/15/2019,1523.2,1516.74,1526.76,1508.25,,0.45%
08/16/2019,1514.15,1524,1527.8,1504.2,,-0.59%
08/19/2019,1495.3,1511,1512.9,1492.4,,-1.24%
08/20/2019,1507.1,1495.55,1508.39,1492.75,,0.79%
08/21/2019,1502.3,1507.7,1508.4,1496.1,,-0.32%
08/22/2019,1498.8,1502.1,1504.6,1491.7,,-0.23%
08/23/2019,1526.85,1499.55,1530.43,1493.45,,1.87%
08/26/2019,1526.35,1539.25,1554.91,1524.55,,-0.03%
08/27/2019,1542.64,1526.25,1544.63,1524.75,,1.07%
08/28/2019,1539.1,1541.69,1547.1,1531.5,,-0.23%
08/29/2019,1527.7,1539.2,1550.7,1519.4,,-0.74%
08/30/2019,1520.25,1527.6,1533.4,1517.51,,-0.49%
09/02/2019,1530.59,1520.05,1533.77,1519.05,,0.68%
09/03/2019,1547,1529.6,1549.8,1521.4,,1.07%
09/04/2019,1552.6,1547.05,1557.25,1533.68,,0.36%
09/05/2019,1519.35,1552.45,1553.25,1509.28,,-2.14%
09/06/2019,1506.95,1519.25,1527.7,1502.75,,-0.82%
09/09/2019,1498.95,1507.1,1515.5,1497.6,,-0.53%
09/10/2019,1486.4,1499.6,1501.9,1484.8,,-0.84%
09/11/2019,1497.6,1486.45,1498.41,1484.9,,0.75%
09/12/2019,1498.95,1497.45,1523.86,1488.65,,0.09%
09/13/2019,1488.7,1498.45,1509.06,1485.51,,-0.68%
09/16/2019,1498.8,1503.59,1512.81,1496.2,,0.68%
09/17/2019,1503.1,1499.45,1507.9,1493.9,,0.29%
09/18/2019,1493.9,1501.4,1511.25,1484.41,,-0.61%
09/19/2019,1499.2,1493.6,1504.2,1488.8,,0.35%
09/20/2019,1517.15,1499.6,1517.21,1498,,1.2%
09/23/2019,1522.12,1516.65,1527.05,1511.35,,0.33%
09/24/2019,1532.3,1522.5,1536.1,1515.95,,0.67%
09/25/2019,1504.15,1531.6,1535.4,1501.41,,-1.84%
09/26/2019,1505.8,1503.89,1512.6,1501.74,,0.11%
09/27/2019,1496.94,1506.18,1507.79,1486.98,,-0.59%
09/30/2019,1472.25,1497.08,1500.5,1464.24,,-1.65%
10/01/2019,1478.98,1472.3,1487.42,1458.9,,0.46%
10/02/2019,1499.51,1479.19,1504.98,1474.25,,1.39%
10/03/2019,1505,1499.55,1518.75,1495.85,,0.37%
10/04/2019,1504.6,1505.19,1510.94,1497.01,,-0.03%
10/07/2019,1493.6,1504.76,1509.47,1489.94,,-0.73%
10/08/2019,1505.51,1493.4,1508.56,1487.49,,0.8%
10/09/2019,1505.7,1506.06,1511.6,1499.7,,0.01%
10/10/2019,1494.3,1505.6,1517.07,1491.4,,-0.76%
10/11/2019,1489.85,1494.46,1503.49,1474.3,,-0.3%
10/14/2019,1492.9,1488.6,1497.1,1482.6,,0.2%
10/15/2019,1481.17,1493.25,1497.99,1477.46,,-0.79%
10/16/2019,1489.77,1481.28,1491.6,1477.05,,0.58%
10/17/2019,1491.89,1490.4,1497.43,1483.35,,0.14%
10/18/2019,1490.1,1492.32,1494.33,1484.8,,-0.12%
10/21/2019,1484.5,1492.02,1495.31,1481.75,,-0.38%
10/22/2019,1488.05,1484.66,1489.17,1480.84,,0.24%
10/23/2019,1492.1,1488.2,1496.24,1487.49,,0.27%
10/24/2019,1503.65,1492.3,1504.21,1488.02,,0.77%
10/25/2019,1504.73,1504.75,1518.1,1500.55,,0.07%
10/28/2019,1492.69,1504.21,1508.36,1489.65,,-0.8%
10/29/2019,1487.6,1492.64,1495,1483.71,,-0.34%
10/30/2019,1495.4,1487.6,1496.8,1481.02,,0.52%
10/31/2019,1513.36,1496.39,1514.39,1493.64,,1.2%
11/01/2019,1513.95,1513.53,1515.81,1503.3,,0.04%
11/04/2019,1509.63,1513.8,1514.93,1504.46,,-0.29%
11/05/2019,1484.1,1509.64,1509.9,1479.35,,-1.69%
11/06/2019,1490.46,1484.1,1494.3,1482.21,,0.43%
11/07/2019,1468.07,1490.29,1492.32,1461,,-1.5%
11/08/2019,1458.66,1468.01,1473.25,1456.05,,-0.64%
11/11/2019,1455.9,1458.96,1466.59,1448.14,,-0.19%
11/12/2019,1457.19,1455.79,1460.32,1445.43,,0.09%
11/13/2019,1463.19,1457.19,1467.14,1455.9,,0.41%
11/14/2019,1471.2,1463.18,1474.48,1460.76,,0.55%
11/15/2019,1467.37,1471.2,1471.43,1462.05,,-0.26%
11/18/2019,1470.85,1467.51,1474.1,1455.97,,0.24%
11/19/2019,1472.38,1470.85,1475.5,1464.3,,0.1%
11/20/2019,1471.25,1472.39,1478.9,1465.66,,-0.08%
11/21/2019,1464.4,1471.4,1475.85,1462.43,,-0.47%
11/22/2019,1462.29,1464.4,1473.15,1461,,-0.14%
11/25/2019,1454.97,1462.14,1462.14,1453.5,,-0.5%
11/26/2019,1461.6,1455.28,1463.06,1450.7,,0.46%
11/27/2019,1454.35,1461.35,1461.82,1452.2,,-0.5%
11/28/2019,1458.34,1456.85,1458.45,1454.19,,0.27%
11/29/2019,1464.8,1456.7,1467.21,1453.38,,0.44%
12/02/2019,1462.44,1466.73,1466.73,1453.7,,-0.16%
12/03/2019,1477.34,1462.5,1481.9,1458.87,,1.02%
12/04/2019,1474.35,1477.21,1484.25,1471.21,,-0.2%
12/05/2019,1475.7,1474.06,1480.5,1472.6,,0.09%
12/06/2019,1459.76,1475.85,1477.15,1458.42,,-1.08%
12/09/2019,1461.99,1459.19,1465.5,1458.55,,0.15%
12/10/2019,1464.21,1462.08,1469.24,1459.55,,0.15%
12/11/2019,1474.85,1464.04,1478.9,1462.14,,0.73%
12/12/2019,1469.43,1474.85,1486.9,1464.45,,-0.37%
12/13/2019,1475.81,1469.62,1478,1462.41,,0.43%
12/16/2019,1476.25,1475.45,1479.86,1472.8,,0.03%
12/17/2019,1476.45,1476.25,1480.61,1474.06,,0.01%
12/18/2019,1475.44,1476.45,1479.39,1470.1,,-0.07%
12/19/2019,1479.15,1475.29,1481.9,1472.6,,0.25%
12/20/2019,1478.2,1479.29,1481.06,1475.5,,-0.06%
12/23/2019,1485.52,1478.2,1486.16,1477.5,,0.5%
12/24/2019,1499.56,1486.07,1501.08,1484.96,,0.95%
12/25/2019,1499.55,1499.55,1499.55,1499.55,,0%
12/26/2019,1511.55,1499.41,1512.55,1497.45,,0.8%
12/27/2019,1510.67,1511.55,1515.34,1506.73,,-0.06%
12/30/2019,1515.22,1511.49,1516.3,1509.96,,0.3%
12/31/2019,1517.39,1515.51,1525.59,1514.79,,0.14%
01/01/2020,1517.3,1517.26,1517.48,1517.2,,-0.01%
01/02/2020,1528.94,1517.13,1531.3,1517.09,,0.77%
01/03/2020,1551.65,1529.11,1553.45,1527.95,,1.49%
01/06/2020,1565.96,1560.59,1582.69,1560.59,,0.92%
01/07/2020,1573.99,1565.93,1577.38,1555.1,,0.51%
01/08/2020,1555.81,1573.99,1611,1551.97,,-1.16%
01/09/2020,1552.37,1555.76,1561.33,1539.88,,-0.22%
01/10/2020,1562.28,1552.26,1563.19,1545.32,,0.64%
01/13/2020,1548.3,1562.29,1562.3,1546.52,,-0.89%
01/14/2020,1546.37,1548.31,1548.8,1535.88,,-0.12%
01/15/2020,1556.19,1546.26,1558.23,1546.01,,0.64%
01/16/2020,1552.79,1556.17,1558.14,1547.85,,-0.22%
01/17/2020,1556.61,1552.9,1561.3,1549.26,,0.25%
01/20/2020,1561.58,1558.56,1562.81,1556.35,,0.32%
01/21/2020,1558.02,1560.85,1568.65,1546.25,,-0.23%
01/22/2020,1558.91,1558.03,1559.35,1549.81,,0.06%
01/23/2020,1563.33,1558.93,1567.94,1551.29,,0.28%
01/24/2020,1570.65,1563.29,1575.76,1556.16,,0.47%
01/27/2020,1581.95,1579.99,1586.72,1575.59,,0.72%
01/28/2020,1566.24,1582.05,1583.17,1565.64,,-0.99%
01/29/2020,1577.12,1566.21,1577.96,1563.1,,0.69%
01/30/2020,1574.22,1576.98,1585.97,1572.49,,-0.18%
01/31/2020,1590.2,1574.27,1590.2,1570.84,,1.02%
02/03/2020,1576.45,1589.85,1591.86,1571.26,,-0.86%
02/04/2020,1552.55,1576.3,1579.54,1548.99,,-1.52%
02/05/2020,1556.7,1552.57,1562.31,1547.2,,0.27%
02/06/2020,1566.85,1556.88,1568.29,1552.24,,0.65%
02/07/2020,1570.29,1566.96,1574.05,1562.38,,0.22%
02/10/2020,1572.3,1569.94,1577.16,1568.01,,0.13%
02/11/2020,1567.72,1572.01,1573.96,1562.18,,-0.29%
02/12/2020,1565.63,1567.73,1570.48,1561.46,,-0.13%
02/13/2020,1576.39,1565.62,1578.11,1565.43,,0.69%
02/14/2020,1584.7,1576.29,1585.04,1573.15,,0.53%
02/17/2020,1581.1,1584.75,1584.86,1578.4,,-0.23%
02/18/2020,1601.91,1583.31,1605.35,1582.96,,1.32%
02/19/2020,1611.64,1601.8,1612.91,1599.49,,0.61%
02/20/2020,1619.7,1611.71,1623.74,1603.89,,0.5%
02/21/2020,1643.7,1619.79,1649.14,1618.99,,1.48%
02/24/2020,1660.72,1658.96,1688.96,1652.3,,1.04%
02/25/2020,1635.38,1660.72,1660.85,1629.01,,-1.53%
02/26/2020,1639.96,1635.46,1655.07,1625.72,,0.28%
02/27/2020,1642.35,1640.56,1660.44,1635.66,,0.15%
02/28/2020,1585.12,1642.14,1649.49,1565.86,,-3.48%
03/02/2020,1590.73,1590.99,1610.78,1579.54,,0.35%
03/03/2020,1639.77,1590.78,1649.5,1587.79,,3.08%
03/04/2020,1635.83,1639.85,1651.68,1631.99,,-0.24%
03/05/2020,1670.61,1635.83,1674.66,1634.92,,2.13%
03/06/2020,1674.23,1670.66,1692.11,1647.98,,0.22%
03/09/2020,1680.2,1694.6,1703.16,1657.96,,0.36%
03/10/2020,1649.36,1678.9,1680.36,1642.11,,-1.84%
03/11/2020,1635.03,1649.69,1670.97,1632.9,,-0.87%
03/12/2020,1577.09,1634.69,1650.13,1560.96,,-3.54%
03/13/2020,1529.7,1576.83,1597.72,1506.73,,-3%
03/16/2020,1514.61,1550.59,1573.49,1451.68,,-0.99%
03/17/2020,1528.58,1512.05,1553.11,1465.6,,0.92%
03/18/2020,1486.3,1527.3,1546.05,1472.6,,-2.77%
03/19/2020,1471,1486.1,1501.61,1464.75,,-1.03%
03/20/2020,1498.24,1470.39,1516.43,1460.49,,1.85%
03/23/2020,1553.81,1508.25,1561.76,1485.4,,3.71%
03/24/2020,1622.03,1565.36,1644.35,1564.77,,4.39%
03/25/2020,1613.79,1618.79,1636.29,1584.18,,-0.51%
03/26/2020,1632.38,1620.16,1645.8,1595.81,,1.15%
03/27/2020,1623.5,1634.99,1640.76,1614.75,,-0.54%
03/30/2020,1623.3,1617.38,1635.59,1607.63,,-0.01%
03/31/2020,1571.31,1612.25,1623.52,1562.25,,-3.2%
04/01/2020,1595.05,1569.45,1604.12,1568.91,,1.51%
04/02/2020,1613.79,1590.75,1621.27,1576.43,,1.17%
04/03/2020,1618.45,1609.99,1627.04,1607,,0.29%
04/06/2020,1663,1596.8,1669.76,1596.8,,2.75%
04/07/2020,1648.95,1662.38,1671.88,1641.06,,-0.84%
04/08/2020,1646.52,1645.94,1657.06,1641.15,,-0.15%
04/09/2020,1684.07,1644.28,1690.29,1642.34,,2.28%
04/10/2020,1689.9,1675,1696.5,1675,,0.35%
04/13/2020,1714.32,1682.25,1722.36,1672.95,,1.45%
04/14/2020,1729.7,1714.09,1748.5,1709.1,,0.9%
04/15/2020,1716.6,1729.43,1731.43,1706.99,,-0.76%
04/16/2020,1718.4,1716.29,1738.74,1706.92,,0.1%
04/17/2020,1684.69,1713.49,1718.69,1678.52,,-1.96%
04/20/2020,1694.12,1691.44,1703.02,1671.74,,0.56%
04/21/2020,1687.02,1694.22,1698.48,1660.99,,-0.42%
04/22/2020,1714.82,1686.47,1719.66,1680.05,,1.65%
04/23/2020,1731.59,1713,1738.84,1704.05,,0.98%
04/24/2020,1729.43,1733.32,1737.89,1710.63,,-0.12%
04/27/2020,1715.57,1724.86,1727.82,1705.82,,-0.8%
04/28/2020,1708.63,1716.19,1716.19,1691.8,,-0.4%
04/29/2020,1712.38,1708.72,1717.52,1697.72,,0.22%
04/30/2020,1685.05,1715.22,1726.14,1684.16,,-1.6%
05/01/2020,1700.41,1685.24,1706.21,1669.82,,0.91%
05/04/2020,1701.69,1697.26,1712,1690.96,,0.08%
05/05/2020,1707.17,1701.78,1712.6,1691.13,,0.32%
05/06/2020,1685.88,1705.77,1707.85,1681.34,,-1.25%
05/07/2020,1717.94,1686.08,1722.02,1681.96,,1.9%
05/08/2020,1702.65,1717.46,1724.56,1701.61,,-0.89%
05/11/2020,1697.35,1703.76,1713.67,1691.56,,-0.31%
05/12/2020,1702.72,1696.25,1711.04,1692.28,,0.32%
05/13/2020,1715.99,1701.21,1718.33,1697.92,,0.78%
05/14/2020,1730.65,1715.01,1737.34,1710.39,,0.85%
05/15/2020,1743,1731.13,1753.25,1728.52,,0.71%
05/18/2020,1732.32,1742.93,1764.81,1726.26,,-0.61%
05/19/2020,1745.11,1733.37,1748.77,1725.83,,0.74%
05/20/2020,1749.5,1744.44,1754.08,1740.91,,0.25%
05/21/2020,1726.34,1750.18,1750.64,1717.56,,-1.32%
05/22/2020,1736.07,1725.26,1741.51,1724.29,,0.56%
05/25/2020,1729.57,1734.73,1735.57,1720.47,,-0.37%
05/26/2020,1712.45,1729.65,1736.29,1708.31,,-0.99%
05/27/2020,1709.25,1712.03,1715.77,1693.6,,-0.19%
05/28/2020,1719.4,1709.68,1727.69,1707.19,,0.59%
05/29/2020,1728.3,1721.7,1738.99,1713.79,,0.52%
06/01/2020,1740.34,1736.42,1744.52,1727.03,,0.7%
06/02/2020,1727.97,1740.93,1745.54,1721.52,,-0.71%
06/03/2020,1698.63,1728.97,1732.92,1690.01,,-1.7%
06/04/2020,1711.84,1699.11,1722.22,1697.4,,0.78%
06/05/2020,1685.83,1711.2,1716.39,1670.75,,-1.52%
06/08/2020,1695.47,1684.16,1701.27,1677.61,,0.57%
06/09/2020,1714.57,1700.25,1720.75,1691.92,,1.13%
06/10/2020,1737.1,1714.33,1740.29,1708.83,,1.31%
06/11/2020,1727.51,1737.11,1744.72,1721.34,,-0.55%
06/12/2020,1730.8,1728.32,1743.59,1723.12,,0.19%
06/15/2020,1725.53,1732.35,1734.78,1704.76,,-0.3%
06/16/2020,1727.46,1725.79,1733.06,1715.93,,0.11%
06/17/2020,1727.04,1727.34,1730.62,1713.37,,-0.02%
06/18/2020,1722.99,1725.57,1736.87,1717.28,,-0.23%
06/19/2020,1743.62,1723.16,1745.68,1721.36,,1.2%
06/22/2020,1755.44,1749,1763.82,1743.78,,0.68%
06/23/2020,1767.54,1756.03,1771.69,1747.9,,0.69%
06/24/2020,1762.43,1769.09,1780.06,1761.09,,-0.29%
06/25/2020,1761.82,1759.76,1768.84,1755.23,,-0.03%
06/26/2020,1771.47,1762.35,1772.36,1748.04,,0.55%
06/29/2020,1772.28,1773.27,1775.86,1766.07,,0.05%
06/30/2020,1781.66,1771.77,1786.46,1765.77,,0.53%
07/01/2020,1770.32,1780.91,1789.27,1759.02,,-0.64%
07/02/2020,1776.13,1769.6,1780.21,1757.85,,0.33%
07/03/2020,1775.05,1774.03,1777.01,1772.03,,-0.06%
07/06/2020,1783.9,1776.24,1786.98,1770.09,,0.5%
07/07/2020,1795.26,1784.57,1797.93,1774.37,,0.64%
07/08/2020,1810.78,1794.93,1818.37,1791.82,,0.86%
07/09/2020,1803.19,1810.68,1815.99,1795.76,,-0.42%
07/10/2020,1798.89,1801.71,1810.94,1794.47,,-0.24%
07/13/2020,1803.39,1798.69,1813.65,1797.94,,0.25%
07/14/2020,1807.78,1802.77,1810.94,1791.02,,0.24%
07/15/2020,1811.9,1808.14,1815,1802.91,,0.23%
07/16/2020,1797.05,1811.72,1813.41,1795.1,,-0.82%
07/17/2020,1809.9,1797.3,1812.59,1795.11,,0.72%
07/20/2020,1816.09,1809.28,1820.76,1805.7,,0.34%
07/21/2020,1842.22,1815.53,1843.75,1815.44,,1.44%
07/22/2020,1872.07,1841.89,1872.41,1840.25,,1.62%
07/23/2020,1887.44,1871.97,1898.49,1862.38,,0.82%
07/24/2020,1901.46,1886.83,1906.47,1881.58,,0.74%
07/27/2020,1942.42,1899.29,1945.71,1899.29,,2.15%
07/28/2020,1959.5,1942.22,1981.14,1907.69,,0.88%
07/29/2020,1970.73,1959.71,1980.67,1944.96,,0.57%
07/30/2020,1960.5,1970.89,1972.25,1940.17,,-0.52%
07/31/2020,1975.89,1960.96,1981.11,1955.99,,0.79%
08/03/2020,1977.25,1980.43,1985.22,1960.15,,0.07%
08/04/2020,2018.52,1976.45,2019.96,1968.38,,2.09%
08/05/2020,2040.4,2018.98,2056.1,2010.33,,1.08%
08/06/2020,2063.81,2040.03,2069.84,2034.83,,1.15%
08/07/2020,2035.03,2064.52,2072.9,2015.48,,-1.39%
08/10/2020,2027.77,2033.71,2050.1,2019.42,,-0.36%
08/11/2020,1911.64,2027.11,2031.59,1901.57,,-5.73%
08/12/2020,1918.07,1911.26,1949.26,1863.92,,0.34%
08/13/2020,1954,1920.87,1966.83,1913.42,,1.87%
08/14/2020,1944.29,1953.98,1962.62,1932.46,,-0.5%
08/17/2020,1986.2,1946.22,1990.91,1929.74,,2.16%
08/18/2020,2001.2,1985.47,2015.23,1977.56,,0.76%
08/19/2020,1929.82,2001.22,2006.51,1924.63,,-3.57%
08/20/2020,1943.6,1929.28,1955.99,1925.47,,0.71%
08/21/2020,1940.16,1946.96,1956.37,1911.76,,-0.18%
08/24/2020,1933.09,1938.63,1962.04,1924.28,,-0.36%
08/25/2020,1928.19,1932.66,1937.55,1914.31,,-0.25%
08/26/2020,1954.03,1928.66,1955.15,1902.81,,1.34%
08/27/2020,1929.2,1953.35,1976.32,1909.96,,-1.27%
08/28/2020,1964.89,1929.44,1973.81,1923.71,,1.85%
08/31/2020,1970.15,1965.39,1976.53,1954.55,,0.27%
09/01/2020,1970.49,1967.58,1992.26,1963.22,,0.02%
09/02/2020,1942.98,1969.71,1974.41,1932.75,,-1.4%
09/03/2020,1930.85,1943,1951.15,1921.95,,-0.62%
09/04/2020,1932.85,1931.51,1942.25,1916.64,,0.1%
09/07/2020,1929.18,1930.35,1941.45,1924.43,,-0.19%
09/08/2020,1931.26,1929.14,1940.8,1906.57,,0.11%
09/09/2020,1946.66,1932.26,1950.95,1920.2,,0.8%
09/10/2020,1954.07,1946.06,1966.5,1941.42,,0.38%
09/11/2020,1941.5,1955.2,1957.95,1937.42,,-0.64%
09/14/2020,1956.37,1941.05,1962.52,1937.46,,0.77%
09/15/2020,1955.52,1957.31,1972.35,1948.64,,-0.04%
09/16/2020,1959.32,1956.19,1973.63,1949.89,,0.19%
09/17/2020,1942.6,1959.99,1963.48,1932.99,,-0.85%
09/18/2020,1949.69,1943.87,1960.2,1941.79,,0.37%
09/21/2020,1912.57,1949.55,1955.75,1883.21,,-1.9%
09/22/2020,1899.28,1912.8,1919.99,1894.93,,-0.69%
09/23/2020,1863.55,1900.2,1905.56,1855.77,,-1.88%
09/24/2020,1868.04,1863.42,1877.3,1848.45,,0.24%
09/25/2020,1860.05,1868.61,1875.28,1852.59,,-0.43%
09/28/2020,1880.85,1859,1883.39,1849.19,,1.12%
09/29/2020,1897.69,1881.4,1899.24,1875.56,,0.9%
09/30/2020,1885.44,1897.81,1902.39,1881.31,,-0.65%
10/01/2020,1905.05,1885.8,1912.09,1884.48,,1.04%
10/02/2020,1898.7,1905.65,1917.28,1889.57,,-0.33%
10/05/2020,1912.9,1902.24,1918.74,1886.81,,0.75%
10/06/2020,1877.13,1913.28,1921.1,1874.57,,-1.87%
10/07/2020,1887.22,1878.84,1898.31,1873.05,,0.54%
10/08/2020,1893.09,1887.4,1900.73,1881.86,,0.31%
10/09/2020,1929.43,1894.19,1930.83,1893.32,,1.92%
10/12/2020,1921.95,1930.5,1933.45,1918.19,,-0.39%
10/13/2020,1890.82,1922.42,1925.73,1886.59,,-1.62%
10/14/2020,1900.89,1891.9,1913.03,1882.44,,0.53%
10/15/2020,1907.82,1900.31,1909.22,1889.46,,0.36%
10/16/2020,1898.97,1907.95,1914.06,1897.59,,-0.46%
10/19/2020,1904.27,1899.94,1918.59,1897.09,,0.28%
10/20/2020,1906.39,1904.24,1914.2,1894.74,,0.11%
10/21/2020,1924.49,1908.65,1931.41,1907.94,,0.95%
10/22/2020,1904.04,1924.34,1926,1894.8,,-1.06%
10/23/2020,1900.79,1904.24,1914.3,1894.54,,-0.17%
10/26/2020,1901.69,1902.34,1908.55,1890.9,,0.05%
10/27/2020,1906.83,1902.19,1911.34,1897.47,,0.27%
10/28/2020,1877.06,1908.05,1911.03,1869.59,,-1.56%
10/29/2020,1867.13,1876.94,1885.42,1859.67,,-0.53%
10/30/2020,1877.95,1868.24,1889.85,1864.64,,0.58%
11/02/2020,1895.1,1878.59,1896.12,1873.21,,0.91%
11/03/2020,1908.36,1895.8,1910.71,1886.81,,0.7%
11/04/2020,1903.21,1908.59,1916.68,1883.15,,-0.27%
11/05/2020,1948.56,1903.65,1952.95,1902.43,,2.38%
11/06/2020,1951.51,1949.24,1960.77,1935.4,,0.15%
11/09/2020,1861.86,1954.65,1965.92,1850.36,,-4.59%
11/10/2020,1876.5,1862.15,1890.6,1860.3,,0.79%
11/11/2020,1864.71,1877.34,1884.93,1856.05,,-0.63%
11/12/2020,1875.76,1865.3,1883.88,1862.46,,0.59%
11/13/2020,1888.04,1876.44,1897.16,1873.76,,0.65%
11/16/2020,1888.52,1888.74,1899.35,1864.74,,0.03%
11/17/2020,1878.6,1889.15,1893.9,1877.69,,-0.52%
11/18/2020,1871.41,1878.6,1884.92,1863.94,,-0.38%
11/19/2020,1867.37,1871.44,1874.34,1852.48,,-0.22%
11/20/2020,1870.49,1867.59,1879.98,1860.66,,0.17%
11/23/2020,1835.85,1869.84,1876.72,1830.85,,-1.85%
11/24/2020,1807.51,1836.65,1839.26,1800.69,,-1.54%
11/25/2020,1805.3,1807.69,1817.98,1801.33,,-0.12%
11/26/2020,1810.57,1805.74,1818.78,1805.31,,0.29%
11/27/2020,1788.13,1811.09,1813.81,1773.93,,-1.24%
11/30/2020,1777.02,1789.05,1789.99,1764.69,,-0.62%
12/01/2020,1814.87,1777.4,1817.55,1775.52,,2.13%
12/02/2020,1831.01,1815.19,1832.65,1806.99,,0.89%
12/03/2020,1840.36,1831.34,1844.45,1823.6,,0.51%
12/04/2020,1837.61,1841.05,1848.26,1829.3,,-0.15%
12/07/2020,1863.69,1837.99,1868.76,1822.99,,1.42%
12/08/2020,1871.36,1863.55,1875.79,1859.83,,0.41%
12/09/2020,1839.11,1871.19,1871.37,1825.71,,-1.72%
12/10/2020,1835.31,1839.59,1850.4,1828.48,,-0.21%
12/11/2020,1839.03,1835.55,1847.89,1824.23,,0.2%
12/14/2020,1827.17,1839.3,1839.86,1819.92,,-0.64%
12/15/2020,1853.46,1827.8,1855.76,1825.29,,1.44%
12/16/2020,1864.15,1853.94,1866.2,1844.75,,0.58%
12/17/2020,1885.87,1864.26,1896.26,1861.83,,1.17%
12/18/2020,1880.66,1885.8,1889.88,1876.97,,-0.28%
12/21/2020,1876.21,1883.2,1906.93,1856.69,,-0.24%
12/22/2020,1859.56,1876.65,1884.61,1858.73,,-0.89%
12/23/2020,1872.08,1859.99,1878.59,1858.59,,0.67%
12/24/2020,1876.56,1872.74,1882.55,1869.52,,0.24%
12/25/2020,1875.82,1877.07,1877.07,1877.07,,-0.04%
12/28/2020,1871.19,1885.93,1900.53,1869.21,,-0.25%
12/29/2020,1877.99,1872.24,1886.91,1870.99,,0.36%
12/30/2020,1893.37,1878.34,1894.06,1875.66,,0.82%
12/31/2020,1896.49,1893.55,1901.26,1884.77,,0.16%
01/01/2021,1898.1,1897.69,1899.12,1897.39,,0.09%
01/04/2021,1942.28,1906.05,1944.65,1905.36,,2.33%
01/05/2021,1949.35,1942.65,1953.17,1934.08,,0.36%
01/06/2021,1918.81,1950.3,1959.6,1901.11,,-1.57%
01/07/2021,1912.5,1919.4,1927.97,1906.86,,-0.33%
01/08/2021,1848.26,1912.9,1917.85,1828.74,,-3.36%
01/11/2021,1844.66,1849.34,1857.05,1817.14,,-0.19%
01/12/2021,1855.63,1845.34,1864.08,1837.41,,0.59%
01/13/2021,1843.41,1856.19,1863.26,1843.34,,-0.66%
01/14/2021,1846.37,1843.94,1857.59,1833.21,,0.16%
01/15/2021,1826.59,1846.8,1856.85,1823.21,,-1.07%
01/18/2021,1836.89,1828.94,1840.95,1810.46,,0.56%
01/19/2021,1839.34,1838.09,1845.98,1833.06,,0.13%
01/20/2021,1870.91,1840.05,1872.03,1832.46,,1.72%
01/21/2021,1869.91,1871.07,1875.45,1858.16,,-0.05%
01/22/2021,1852.55,1870.09,1871.17,1837.09,,-0.93%
01/25/2021,1854.99,1855.75,1868.45,1847.3,,0.13%
01/26/2021,1850.31,1855.55,1861.86,1848.36,,-0.25%
01/27/2021,1843.99,1850.65,1853.58,1831.29,,-0.34%
01/28/2021,1840.36,1844.34,1864.26,1833.81,,-0.2%
01/29/2021,1846.09,1840.9,1876.03,1839.56,,0.31%
02/01/2021,1860.16,1863.05,1871.84,1849.04,,0.76%
02/02/2021,1837.35,1860.84,1864.26,1829.46,,-1.23%
02/03/2021,1833.76,1837.49,1845.29,1829.49,,-0.2%
02/04/2021,1792.26,1834.34,1835.13,1785.15,,-2.26%
02/05/2021,1811.62,1792.49,1815.32,1791.8,,1.08%
02/08/2021,1830.16,1815.44,1839.15,1807.48,,1.02%
02/09/2021,1837.06,1830.59,1849.15,1828.63,,0.38%
02/10/2021,1842.22,1837.55,1855.7,1833.91,,0.28%
02/11/2021,1825.36,1842.65,1847.95,1820.63,,-0.91%
02/12/2021,1823.46,1825.9,1830.8,1810.33,,-0.1%
02/15/2021,1818.51,1825.34,1827.59,1815.71,,-0.27%
02/16/2021,1794.31,1819.34,1826.75,1789.19,,-1.33%
02/17/2021,1776.26,1794.65,1795.45,1769.27,,-1.01%
02/18/2021,1775.49,1776.69,1789.88,1767.98,,-0.04%
02/19/2021,1782.31,1776.19,1791.7,1760.13,,0.38%
02/22/2021,1808.66,1782.24,1812.76,1780.46,,1.48%
02/23/2021,1805.06,1809.09,1816.27,1795.78,,-0.2%
02/24/2021,1804.36,1805.34,1813.99,1783.3,,-0.04%
02/25/2021,1769.88,1804.8,1806.06,1765.44,,-1.91%
02/26/2021,1733.49,1770.49,1776.1,1717.26,,-2.06%
03/01/2021,1723.84,1733.4,1760.02,1719.52,,-0.56%
03/02/2021,1738.09,1724.1,1738.89,1707.18,,0.83%
03/03/2021,1710.95,1738.59,1740.85,1701.94,,-1.56%
03/04/2021,1697.19,1711.84,1723.34,1690.64,,-0.8%
03/05/2021,1700.86,1698.59,1707.76,1687.12,,0.22%
03/08/2021,1681.24,1702.8,1714.45,1676.7,,-1.15%
03/09/2021,1715.36,1682.55,1720.83,1679.8,,2.03%
03/10/2021,1726.05,1715.94,1726.76,1707.99,,0.62%
03/11/2021,1721.41,1726.55,1739.99,1719.38,,-0.27%
03/12/2021,1726.41,1721.59,1728.42,1698.85,,0.29%
03/15/2021,1731.84,1727.74,1734.99,1721.31,,0.31%
03/16/2021,1730.94,1730.57,1741.4,1725.8,,-0.05%
03/17/2021,1744.44,1730.61,1751.81,1724.14,,0.78%
03/18/2021,1736.41,1745.09,1755.59,1719.05,,-0.46%
03/19/2021,1744.74,1735.9,1746.88,1728.04,,0.48%
03/22/2021,1738.69,1745.74,1747.18,1727.4,,-0.35%
03/23/2021,1727.11,1739.05,1742.85,1724.42,,-0.67%
03/24/2021,1734.19,1727.8,1738.56,1723.85,,0.41%
03/25/2021,1726.82,1735.65,1745.95,1721.84,,-0.42%
03/26/2021,1731.97,1727.3,1737.01,1721.23,,0.3%
03/29/2021,1711.99,1732.15,1733.34,1705.58,,-1.15%
03/30/2021,1684.8,1712.55,1714.74,1678.85,,-1.59%
03/31/2021,1707.01,1685.59,1715.28,1677.93,,1.32%
04/01/2021,1730.18,1708.09,1730.8,1705.42,,1.36%
04/02/2021,1728.84,1730.47,1732.55,1728.67,,-0.08%
04/05/2021,1728.44,1728.74,1733.75,1721.22,,-0.02%
04/06/2021,1743.57,1728.49,1745.68,1726.82,,0.88%
04/07/2021,1737.28,1742.96,1744.57,1730.13,,-0.36%
04/08/2021,1755.94,1737.84,1759.13,1732.99,,1.07%
04/09/2021,1743.1,1756.54,1757.47,1731.09,,-0.73%
04/12/2021,1732.51,1743.8,1745.36,1727.18,,-0.61%
04/13/2021,1743.83,1732.59,1749.23,1723.27,,0.65%
04/14/2021,1736,1744.3,1749.58,1732.13,,-0.45%
04/15/2021,1763.21,1737.1,1769.91,1734.1,,1.57%
04/16/2021,1776.31,1763.84,1784.07,1759.79,,0.74%
04/19/2021,1769.31,1779.5,1790.54,1765.98,,-0.39%
04/20/2021,1777.25,1770.3,1780.77,1763.18,,0.45%
04/21/2021,1793.46,1778.64,1797.98,1775.95,,0.91%
04/22/2021,1783.94,1794.15,1798.29,1776.83,,-0.53%
04/23/2021,1777.18,1784.33,1796.06,1770.05,,-0.38%
04/26/2021,1780.19,1776.34,1783.69,1768.7,,0.17%
04/27/2021,1776.69,1780.42,1785.9,1773.52,,-0.2%
04/28/2021,1781.32,1776.8,1782.85,1762.56,,0.26%
04/29/2021,1771.24,1780.9,1790.43,1756.19,,-0.57%
04/30/2021,1768.59,1772.9,1773.98,1763.73,,-0.15%
05/03/2021,1792.36,1768.49,1798.22,1765.91,,1.34%
05/04/2021,1778.48,1792.29,1799.38,1770.84,,-0.77%
05/05/2021,1786.44,1778.91,1788.35,1769.95,,0.45%
05/06/2021,1815.18,1787.09,1818.21,1781.67,,1.61%
05/07/2021,1830.48,1815.48,1843.45,1812.9,,0.84%
05/10/2021,1835.44,1833.24,1845.53,1830.09,,0.27%
05/11/2021,1836.94,1834.58,1842.32,1817.68,,0.08%
05/12/2021,1815.44,1837.4,1843.69,1813,,-1.17%
05/13/2021,1826.57,1815.9,1828.81,1808.78,,0.61%
05/14/2021,1842.19,1826.49,1845.55,1819.79,,0.86%
05/17/2021,1866.13,1843.84,1868.8,1841.24,,1.3%
05/18/2021,1868.22,1866.59,1875.4,1862.94,,0.11%
05/19/2021,1869.57,1869.59,1890.15,1851.94,,0.07%
05/20/2021,1876.69,1869.74,1884.12,1863.53,,0.38%
05/21/2021,1880.3,1876.84,1889.85,1870.01,,0.19%
05/24/2021,1881.07,1882.34,1887.44,1875.19,,0.04%
05/25/2021,1899.26,1880.69,1900.63,1872.73,,0.97%
05/26/2021,1896.44,1899.49,1913.15,1890.34,,-0.15%
05/27/2021,1896.08,1896.49,1903.87,1888.22,,-0.02%
05/28/2021,1902.64,1897.05,1905.9,1881.84,,0.35%
05/31/2021,1906.36,1903.69,1911.13,1901.56,,0.2%
06/01/2021,1900.19,1907.53,1916.84,1892.28,,-0.32%
06/02/2021,1907.94,1900.05,1909.34,1894.05,,0.41%
06/03/2021,1870.57,1908.09,1909.89,1865.11,,-1.96%
06/04/2021,1889.97,1871.32,1896.6,1856.09,,1.04%
06/07/2021,1899,1888.49,1900.41,1880.88,,0.48%
06/08/2021,1892.82,1898.99,1903.95,1883.38,,-0.33%
06/09/2021,1888.3,1893.49,1899.4,1886.58,,-0.24%
06/10/2021,1898.14,1888.57,1900.09,1869.84,,0.52%
06/11/2021,1876.64,1898.42,1903.3,1874.07,,-1.13%
06/14/2021,1865.99,1874.59,1878.21,1844.57,,-0.57%
06/15/2021,1858.69,1866.26,1869.67,1851.28,,-0.39%
06/16/2021,1811.95,1858.96,1862.43,1804.19,,-2.51%
06/17/2021,1773.31,1812.18,1825.58,1766.88,,-2.13%
06/18/2021,1763.34,1772.73,1797.24,1761.04,,-0.56%
06/21/2021,1782.95,1764.44,1786.75,1764.44,,1.11%
06/22/2021,1778.51,1783.23,1790.42,1771.99,,-0.25%
06/23/2021,1778.73,1778.8,1795.18,1773.13,,0.01%
06/24/2021,1775.18,1779.01,1788.56,1772.67,,-0.2%
06/25/2021,1780.34,1775.46,1790.6,1773.27,,0.29%
06/28/2021,1778.18,1781.24,1785.9,1770.69,,-0.12%
06/29/2021,1761.09,1778.44,1779.24,1750.11,,-0.96%
06/30/2021,1769.8,1761.35,1774.72,1752.78,,0.49%
07/01/2021,1776.6,1770.06,1783.07,1765.47,,0.38%
07/02/2021,1786.79,1776.83,1795.4,1773.73,,0.57%
07/05/2021,1791.61,1787.69,1795.69,1784.09,,0.27%
07/06/2021,1796.69,1791.88,1815.34,1789.91,,0.28%
07/07/2021,1803.41,1796.96,1810.13,1793.64,,0.37%
07/08/2021,1802.56,1803.67,1818.7,1794.28,,-0.05%
07/09/2021,1807.98,1802.89,1812.71,1796.09,,0.3%
07/12/2021,1805.88,1807.94,1811.04,1791.21,,-0.12%
07/13/2021,1807.44,1806.17,1817.51,1798.54,,0.09%
07/14/2021,1827.06,1807.72,1830.32,1804.21,,1.09%
07/15/2021,1829.19,1827.35,1833.99,1820.07,,0.12%
07/16/2021,1810.89,1829.45,1832.2,1808.65,,-1%
07/19/2021,1812.34,1811.65,1817.56,1794.66,,0.08%
07/20/2021,1810.03,1812.61,1825.27,1805.06,,-0.13%
07/21/2021,1803.31,1810.32,1814.02,1794.18,,-0.37%
07/22/2021,1806.69,1803.58,1808.34,1792.11,,0.19%
07/23/2021,1801.34,1806.95,1810.56,1790.45,,-0.3%
07/26/2021,1797.27,1802.65,1811.97,1795.68,,-0.23%
07/27/2021,1798.73,1797.53,1805.6,1792.83,,0.08%
07/28/2021,1806.88,1799,1809.9,1792.6,,0.45%
07/29/2021,1827.95,1807.15,1833.05,1806.29,,1.17%
07/30/2021,1813.58,1828.21,1831.63,1809.48,,-0.79%
08/02/2021,1813.39,1814.34,1819.94,1805.12,,-0.01%
08/03/2021,1809.94,1813.64,1815.18,1806.73,,-0.19%
08/04/2021,1811.41,1810.6,1832.1,1806.54,,0.08%
08/05/2021,1804.01,1811.69,1815.45,1797.74,,-0.41%
08/06/2021,1762.69,1804.28,1804.93,1758.33,,-2.29%
08/09/2021,1729.46,1763.34,1764.65,1684.77,,-1.89%
08/10/2021,1728.71,1729.74,1738.49,1717.17,,-0.04%
08/11/2021,1751.56,1729.01,1754.63,1723.54,,1.32%
08/12/2021,1752.44,1751.66,1758.62,1741.29,,0.05%
08/13/2021,1779.15,1752.72,1780.53,1751.27,,1.52%
08/16/2021,1787.24,1778.44,1789.51,1770.38,,0.45%
08/17/2021,1785.96,1787.51,1795.77,1780.28,,-0.07%
08/18/2021,1787.59,1786.21,1794.31,1777.31,,0.09%
08/19/2021,1780.18,1788.05,1792.56,1774.2,,-0.41%
08/20/2021,1780.87,1780.44,1788.85,1777.96,,0.04%
08/23/2021,1805.2,1780.55,1806.92,1776.03,,1.37%
08/24/2021,1802.61,1805.61,1810.03,1799.73,,-0.14%
08/25/2021,1790.68,1802.86,1803.57,1782.45,,-0.66%
08/26/2021,1792.16,1791.09,1798.61,1779.48,,0.08%
08/27/2021,1816.67,1792.6,1819.38,1787.66,,1.37%
08/30/2021,1810.17,1817.55,1823.38,1807.28,,-0.36%
08/31/2021,1813.43,1810.26,1819.43,1801.47,,0.18%
09/01/2021,1813.66,1813.57,1820.21,1808.18,,0.01%
09/02/2021,1809.4,1813.92,1817.53,1804.48,,-0.23%
09/03/2021,1826.19,1809.98,1834.55,1808.53,,0.93%
09/06/2021,1823.1,1828.66,1830.6,1820.58,,-0.17%
09/07/2021,1794.13,1823.27,1827.39,1792.33,,-1.59%
09/08/2021,1788.93,1794.41,1802.6,1781.98,,-0.29%
09/09/2021,1794.69,1789.19,1801.19,1783.83,,0.32%
09/10/2021,1787.34,1794.61,1804.15,1786.53,,-0.41%
09/13/2021,1793.49,1788.55,1798.66,1783.73,,0.34%
09/14/2021,1804.27,1793.77,1808.99,1781.89,,0.6%
09/15/2021,1792.59,1804.53,1807.3,1790.28,,-0.65%
09/16/2021,1753.39,1794.34,1796.71,1745.04,,-2.19%
09/17/2021,1754.16,1753.67,1768.22,1747.07,,0.04%
09/20/2021,1763.88,1754.3,1767.31,1742.24,,0.55%
09/21/2021,1774.25,1764.19,1782.07,1757.61,,0.59%
09/22/2021,1767.91,1774.51,1787.51,1764.84,,-0.36%
09/23/2021,1742.57,1768.4,1776.6,1737.84,,-1.43%
09/24/2021,1749.86,1742.82,1758.08,1739.6,,0.42%
09/27/2021,1749.85,1751.24,1761.29,1744.19,,0%
09/28/2021,1733.68,1750.45,1754.8,1727.18,,-0.92%
09/29/2021,1726.11,1733.97,1746.11,1721.07,,-0.44%
09/30/2021,1756.66,1726.4,1764.53,1721.67,,1.77%
10/01/2021,1760.36,1756.91,1764.4,1749.36,,0.21%
10/04/2021,1769.51,1762.15,1771.06,1747.23,,0.52%
10/05/2021,1759.96,1769.75,1771.03,1748.56,,-0.54%
10/06/2021,1762.48,1760.45,1765.78,1745.45,,0.14%
10/07/2021,1755.29,1762.74,1767.45,1751.38,,-0.41%
10/08/2021,1756.67,1755.89,1781.6,1753.03,,0.08%
10/11/2021,1753.86,1757.34,1761.36,1749.68,,-0.16%
10/12/2021,1759.93,1754.12,1769.78,1750.47,,0.35%
10/13/2021,1792.65,1760.05,1796.31,1757.89,,1.86%
10/14/2021,1795.56,1792.75,1800.91,1786.22,,0.16%
10/15/2021,1767.26,1795.81,1796.89,1764.48,,-1.58%
10/18/2021,1764.6,1767.74,1772.3,1759.68,,-0.15%
10/19/2021,1768.87,1764.99,1785.53,1762.48,,0.24%
10/20/2021,1781.83,1769.28,1788.68,1766.5,,0.73%
10/21/2021,1782.76,1782.1,1789.61,1776.07,,0.05%
10/22/2021,1792.48,1782.89,1814.22,1782.46,,0.55%
10/25/2021,1807.47,1794,1810.18,1791.95,,0.84%
10/26/2021,1792.63,1807.9,1808.5,1781.98,,-0.82%
10/27/2021,1796.69,1793.04,1799.38,1782.83,,0.23%
10/28/2021,1798.62,1796.78,1810.49,1792.34,,0.11%
10/29/2021,1782.81,1799.03,1801.49,1771.7,,-0.88%
11/01/2021,1793.05,1783.24,1796.2,1778.89,,0.57%
11/02/2021,1787.28,1793.61,1796.91,1785.78,,-0.32%
11/03/2021,1769.52,1787.71,1788.42,1758.45,,-0.99%
11/04/2021,1791.7,1769.98,1799.26,1769.13,,1.25%
11/05/2021,1816.73,1792.14,1818.61,1785.17,,1.4%
11/08/2021,1824.26,1818.44,1826.93,1812.08,,0.41%
11/09/2021,1831.48,1824.74,1833.08,1817.7,,0.4%
11/10/2021,1849.57,1831.9,1868.7,1821.6,,0.99%
11/11/2021,1861.52,1849.69,1866.35,1842.66,,0.65%
11/12/2021,1864.04,1861.99,1868.69,1844.78,,0.14%
11/15/2021,1862.46,1868.15,1870.57,1855.73,,-0.09%
11/16/2021,1849.91,1862.94,1877.4,1849.16,,-0.67%
11/17/2021,1866.96,1850.34,1868.32,1849.38,,0.92%
11/18/2021,1858.46,1866.97,1871.29,1854.94,,-0.46%
11/19/2021,1844.6,1858.9,1865.76,1842.98,,-0.75%
11/22/2021,1805.04,1846.74,1849.49,1801.95,,-2.14%
11/23/2021,1789.73,1805.65,1812.5,1781.63,,-0.85%
11/24/2021,1788.5,1790.34,1797.01,1778.44,,-0.07%
11/25/2021,1788.45,1789.49,1795.65,1785.85,,0%
11/26/2021,1791.81,1788.7,1815.78,1780.79,,0.19%
11/29/2021,1785.01,1790.05,1799.8,1781.23,,-0.38%
11/30/2021,1773.78,1785.34,1809.38,1769.43,,-0.63%
12/01/2021,1782.66,1774.15,1794.8,1771.96,,0.5%
12/02/2021,1768.64,1783.05,1783.58,1761.68,,-0.79%
12/03/2021,1783.74,1768.84,1786.44,1765.63,,0.85%
12/06/2021,1778.11,1784.79,1787.87,1775.91,,-0.32%
12/07/2021,1784.04,1778.08,1788.02,1771.93,,0.33%
12/08/2021,1782.06,1784.4,1793.6,1779.45,,-0.11%
12/09/2021,1774.46,1782.49,1788.05,1772.8,,-0.43%
12/10/2021,1782.51,1774.94,1789.47,1769.43,,0.45%
12/13/2021,1786.94,1782.94,1791.78,1781.51,,0.25%
12/14/2021,1770.18,1787.19,1789.74,1766.31,,-0.94%
12/15/2021,1777.06,1770.49,1781.04,1753.84,,0.39%
12/16/2021,1799.03,1777.4,1799.53,1775.43,,1.24%
12/17/2021,1797.68,1799.55,1814.63,1795.67,,-0.07%
12/20/2021,1789.32,1799.4,1804.32,1787.98,,-0.47%
12/21/2021,1788.36,1789.74,1800.85,1784.58,,-0.05%
12/22/2021,1803.4,1788.94,1805.13,1785.41,,0.84%
12/23/2021,1807.91,1803.69,1811.02,1798.88,,0.25%
12/24/2021,1808.11,1808.19,1812.7,1801.61,,0.01%
12/27/2021,1810.9,1808.19,1813.74,1802.89,,0.15%
12/28/2021,1805.37,1811.84,1820.7,1804.38,,-0.31%
12/29/2021,1803.66,1805.59,1808.16,1788.94,,-0.09%
12/30/2021,1815.01,1803.99,1817.44,1795.78,,0.63%
12/31/2021,1828.39,1815.44,1830.58,1814.15,,0.74%
01/03/2022,1800.85,1830.14,1832.06,1797.93,,-1.51%
01/04/2022,1814.56,1801.34,1816.83,1798.44,,0.76%
01/05/2022,1809.53,1814.9,1829.82,1807.97,,-0.28%
01/06/2022,1788.68,1809.94,1811.89,1786.03,,-1.15%
01/07/2022,1795.63,1789.55,1799.2,1782.63,,0.39%
01/10/2022,1801.41,1795.41,1802.57,1790.43,,0.32%
01/11/2022,1822.01,1801.69,1823.35,1800.09,,1.14%
01/12/2022,1825.32,1822.49,1828.33,1814.2,,0.18%
01/13/2022,1822.09,1825.94,1828.38,1811.83,,-0.18%
01/14/2022,1817.22,1822.55,1829.66,1814.13,,-0.27%
01/17/2022,1818.99,1817.9,1823.72,1812.67,,0.1%
01/18/2022,1813.54,1819.77,1823.01,1805.53,,-0.3%
01/19/2022,1839.96,1813.69,1843.72,1809.97,,1.46%
01/20/2022,1838.36,1840.3,1848.36,1835.67,,-0.09%
01/21/2022,1833.24,1838.65,1843.53,1828.04,,-0.28%
01/24/2022,1843.06,1834.49,1844.53,1829.09,,0.54%
01/25/2022,1847.56,1843.34,1853.98,1834.64,,0.24%
01/26/2022,1818.12,1847.99,1850.44,1814.9,,-1.59%
01/27/2022,1796.51,1818.44,1822.51,1790.98,,-1.19%
01/28/2022,1791.03,1796.94,1799.82,1779.88,,-0.3%
01/31/2022,1796.47,1791.19,1800.23,1785.03,,0.3%
02/01/2022,1800.65,1796.72,1809.16,1795.13,,0.23%
02/02/2022,1806.5,1800.94,1811.53,1794.11,,0.32%
02/03/2022,1804.4,1807.19,1809.22,1788.39,,-0.12%
02/04/2022,1807.49,1804.8,1815.44,1790.94,,0.17%
02/07/2022,1820.31,1806.99,1824.06,1806.94,,0.71%
02/08/2022,1825.48,1820.59,1829.09,1815.06,,0.28%
02/09/2022,1832.43,1826.05,1836.35,1824.5,,0.38%
02/10/2022,1826.57,1832.94,1842.35,1821.46,,-0.32%
02/11/2022,1859.96,1827.25,1865.63,1820.79,,1.83%
02/14/2022,1870.29,1861.55,1874.41,1850.45,,0.56%
02/15/2022,1853.06,1870.94,1879.89,1844.27,,-0.92%
02/16/2022,1868.37,1853.4,1873.16,1849.94,,0.83%
02/17/2022,1897.27,1868.84,1901.57,1867.18,,1.55%
02/18/2022,1897.87,1897.94,1902.84,1886.16,,0.03%
02/21/2022,1905.63,1900.4,1908.38,1887.19,,0.41%
02/22/2022,1898.13,1905.89,1914.44,1891.16,,-0.39%
02/23/2022,1907.55,1898.44,1911,1889.23,,0.5%
02/24/2022,1903.14,1907.99,1974.48,1879.05,,-0.23%
02/25/2022,1887.56,1903.55,1921.54,1883.1,,-0.82%
02/28/2022,1907.9,1920.86,1929.36,1890.59,,1.08%
03/01/2022,1943.22,1908.19,1950.45,1900.93,,1.85%
03/02/2022,1926.11,1943.69,1948.18,1913.82,,-0.88%
03/03/2022,1935.21,1926.49,1941.47,1921.73,,0.47%
03/04/2022,1968.45,1935.65,1970.8,1929.78,,1.72%
03/07/2022,1998.11,1977.09,2002.9,1960.76,,1.51%
03/08/2022,2052.41,1998.3,2070.29,1981,,2.72%
03/09/2022,1991.49,2052.75,2059.25,1976.3,,-2.97%
03/10/2022,1995.86,1991.94,2009.57,1970.66,,0.22%
03/11/2022,1985.29,1996.15,1999.22,1958.8,,-0.53%
03/14/2022,1951.11,1985.49,1990.33,1949.87,,-1.72%
03/15/2022,1917.84,1951.02,1954.95,1906.73,,-1.71%
03/16/2022,1927.93,1918.1,1929.87,1895.22,,0.53%
03/17/2022,1942.64,1927.56,1950.1,1923.4,,0.76%
03/18/2022,1921.09,1942.9,1945.51,1917.93,,-1.11%
03/21/2022,1935.95,1922.24,1940.69,1918.01,,0.77%
03/22/2022,1921.44,1935.86,1938.59,1910.89,,-0.75%
03/23/2022,1943.38,1922.35,1948.55,1915.32,,1.14%
03/24/2022,1957.48,1944.88,1966.19,1937.18,,0.73%
03/25/2022,1957.4,1957.49,1964.49,1943.55,,0%
03/28/2022,1923.2,1958.75,1959.36,1916.83,,-1.75%
03/29/2022,1919.19,1922.95,1929.41,1890.03,,-0.21%
03/30/2022,1933.06,1920.07,1938.53,1915.74,,0.72%
03/31/2022,1937.23,1932.8,1949.92,1918.98,,0.22%
04/01/2022,1924.3,1937.51,1939.99,1917.56,,-0.67%
04/04/2022,1932.44,1924.94,1937.05,1915.55,,0.42%
04/05/2022,1923.76,1933.38,1944.73,1917.74,,-0.45%
04/06/2022,1925.48,1923.69,1933.65,1915.24,,0.09%
04/07/2022,1932.17,1925.32,1938.07,1920.27,,0.35%
04/08/2022,1945.85,1931.92,1948.46,1927.38,,0.71%
04/11/2022,1953.43,1947.15,1969.41,1940.05,,0.39%
04/12/2022,1966.59,1953.99,1978.63,1949.48,,0.67%
04/13/2022,1977.72,1967.21,1981.82,1962.59,,0.57%
04/14/2022,1973.52,1977.78,1980.81,1960.9,,-0.21%
04/15/2022,1974.54,1974.28,1975.69,1973.05,,0.05%
04/18/2022,1978.5,1972.84,1998.6,1971.05,,0.2%
04/19/2022,1949.84,1979.19,1982.31,1943.8,,-1.45%
04/20/2022,1957.41,1950.34,1958.57,1939.16,,0.39%
04/21/2022,1951.49,1957.84,1958,1936.79,,-0.3%
04/22/2022,1929.73,1951.49,1955.93,1926.52,,-1.12%
04/25/2022,1897.69,1931.09,1934.71,1891.05,,-1.66%
04/26/2022,1905.56,1897.95,1911.5,1895.38,,0.41%
04/27/2022,1886.12,1905.45,1907.25,1881.39,,-1.02%
04/28/2022,1894.34,1886.14,1897.32,1872.19,,0.44%
04/29/2022,1896.4,1894.43,1919.97,1892.25,,0.11%
05/02/2022,1862.77,1896.09,1900.1,1854.74,,-1.77%
05/03/2022,1867.79,1863.05,1878.19,1850.33,,0.27%
05/04/2022,1880.92,1868.04,1889.74,1861.17,,0.7%
05/05/2022,1876.84,1881.47,1910.03,1872.48,,-0.22%
05/06/2022,1882.96,1877.3,1892.93,1865.84,,0.33%
05/09/2022,1853.92,1883.8,1885.95,1851.36,,-1.54%
05/10/2022,1838.14,1853.74,1865.76,1835.46,,-0.85%
05/11/2022,1852.12,1838.41,1857.99,1831.83,,0.76%
05/12/2022,1821.72,1852.58,1859.3,1820.93,,-1.64%
05/13/2022,1811.15,1822.48,1829.06,1799.24,,-0.58%
05/16/2022,1823.79,1811.05,1827.23,1786.95,,0.7%
05/17/2022,1814.67,1824.18,1836.55,1812.68,,-0.5%
05/18/2022,1815.61,1815.2,1825.02,1807.3,,0.05%
05/19/2022,1841.72,1816.6,1849.46,1810.55,,1.44%
05/20/2022,1845.68,1842.12,1849.59,1832.35,,0.22%
05/23/2022,1853.22,1846.53,1865.65,1844.08,,0.41%
05/24/2022,1865.9,1853.59,1869.99,1849.06,,0.68%
05/25/2022,1852.83,1865.09,1868.4,1842.94,,-0.7%
05/26/2022,1850.02,1853.48,1854.71,1841.14,,-0.15%
05/27/2022,1852.73,1850.48,1862.3,1847.76,,0.15%
05/30/2022,1856.21,1852.19,1864.34,1847.92,,0.19%
05/31/2022,1837.09,1856.4,1857.69,1834.9,,-1.03%
06/01/2022,1845.55,1837.37,1850.4,1828.28,,0.46%
06/02/2022,1868.13,1846.44,1870.69,1843.76,,1.22%
06/03/2022,1850.77,1868.53,1874.3,1847.02,,-0.93%
06/06/2022,1841,1850.29,1858.15,1840.5,,-0.53%
06/07/2022,1851.97,1841.6,1855.86,1836.73,,0.6%
06/08/2022,1853.26,1852.51,1859.9,1844.35,,0.07%
06/09/2022,1847.61,1853.53,1855.52,1839.6,,-0.3%
06/10/2022,1870.96,1848.09,1876.47,1825.02,,1.26%
06/13/2022,1818.77,1875.8,1877.38,1818.9,,-2.79%
06/14/2022,1808.1,1819.1,1832.19,1804.65,,-0.59%
06/15/2022,1833.38,1808.35,1841.74,1807.24,,1.4%
06/16/2022,1856.71,1833.99,1857.91,1815.95,,1.27%
06/17/2022,1839.35,1857.34,1858.29,1833.72,,-0.93%
06/20/2022,1838.29,1840.4,1846.42,1834.49,,-0.06%
06/21/2022,1832.56,1838.37,1844.15,1828.29,,-0.31%
06/22/2022,1837.39,1832.96,1848.44,1823.23,,0.26%
06/23/2022,1822.43,1837.87,1846.19,1821.88,,-0.81%
06/24/2022,1826.18,1822.88,1832.15,1816.7,,0.21%
06/27/2022,1822.73,1838.15,1841.34,1820.4,,-0.19%
06/28/2022,1819.69,1822.85,1830.09,1818.2,,-0.17%
06/29/2022,1817.11,1819.95,1833.24,1812.1,,-0.14%
06/30/2022,1806.89,1817.8,1825.9,1802.2,,-0.56%
07/01/2022,1810.18,1807.31,1812.09,1784.1,,0.18%
07/04/2022,1809.12,1812.27,1814.36,1803.45,,-0.06%
07/05/2022,1764.35,1808.74,1812.42,1763.48,,-2.47%
07/06/2022,1738.3,1764.87,1773.06,1731.75,,-1.48%
07/07/2022,1739.61,1738.93,1749.14,1735.95,,0.08%
07/08/2022,1741.82,1740.05,1752.5,1733.24,,0.13%
07/11/2022,1733.67,1742.86,1744.92,1731.01,,-0.47%
07/12/2022,1725.81,1733.99,1743.49,1722.93,,-0.45%
07/13/2022,1735.23,1726.17,1745.54,1707.38,,0.55%
07/14/2022,1709.45,1735.7,1736.94,1697.48,,-1.49%
07/15/2022,1706.78,1709.81,1716.92,1698.82,,-0.16%
07/18/2022,1709.01,1707.94,1724.05,1705.89,,0.13%
07/19/2022,1711.07,1709.27,1718.64,1704.96,,0.12%
07/20/2022,1696.43,1711.3,1714.94,1692.53,,-0.86%
07/21/2022,1718.49,1696.73,1720.69,1680.78,,1.3%
07/22/2022,1726.46,1718.61,1739.28,1712.93,,0.46%
07/25/2022,1718.78,1728.15,1736.43,1714.57,,-0.44%
07/26/2022,1717,1719.69,1728.36,1713.2,,-0.1%
07/27/2022,1733.89,1717.41,1740.6,1711.46,,0.98%
07/28/2022,1755.11,1734.61,1757.43,1733.59,,1.22%
07/29/2022,1765.22,1755.81,1768.17,1752.19,,0.58%
08/01/2022,1771.73,1765.05,1775.22,1758.05,,0.37%
08/02/2022,1759.75,1772.23,1788.24,1759.86,,-0.68%
08/03/2022,1764.9,1760.53,1772.9,1754.33,,0.29%
08/04/2022,1790.97,1765.34,1795.29,1763,,1.48%
08/05/2022,1774.15,1791.16,1795.29,1764.88,,-0.94%
08/08/2022,1788.52,1773.57,1790.26,1770.94,,0.81%
08/09/2022,1794.08,1789.21,1800.45,1782.85,,0.31%
08/10/2022,1792.13,1794.21,1807.9,1787.32,,-0.11%
08/11/2022,1789.45,1792.39,1799.4,1783.24,,-0.15%
08/12/2022,1801.76,1790.06,1802.86,1784.52,,0.69%
08/15/2022,1778.91,1802.05,1802.53,1772.75,,-1.27%
08/16/2022,1775.54,1779.74,1783.37,1771.33,,-0.19%
08/17/2022,1761.05,1775.98,1782.63,1759.58,,-0.82%
08/18/2022,1758.2,1761.63,1772.59,1755.37,,-0.16%
08/19/2022,1747.83,1759.3,1759.88,1745.19,,-0.59%
08/22/2022,1735.7,1747.05,1749.31,1727.51,,-0.69%
08/23/2022,1747.67,1736.4,1754.28,1730.52,,0.69%
08/24/2022,1750.89,1748.55,1755.88,1742.29,,0.18%
08/25/2022,1758.44,1751.55,1765.93,1749.71,,0.43%
08/26/2022,1736.86,1758.55,1759.31,1733.83,,-1.23%
08/29/2022,1737.82,1736.19,1745.63,1720.08,,0.06%
08/30/2022,1723.55,1738.36,1740.93,1720.85,,-0.82%
08/31/2022,1710.7,1723.83,1726.86,1709.1,,-0.75%
09/01/2022,1696.09,1711.09,1711.81,1688.35,,-0.85%
09/02/2022,1711.44,1696.35,1718.31,1694.64,,0.91%
09/05/2022,1710.21,1712.99,1716.34,1707.47,,-0.07%
09/06/2022,1701.15,1710.56,1727.24,1699.3,,-0.53%
09/07/2022,1717.69,1701.61,1719.82,1690.9,,0.97%
09/08/2022,1707.28,1718.4,1728.8,1703.5,,-0.61%
09/09/2022,1716.05,1708.84,1729.94,1708.22,,0.51%
09/12/2022,1724.07,1717.05,1735.37,1711.97,,0.47%
09/13/2022,1701.55,1724.75,1732.34,1696.7,,-1.31%
09/14/2022,1695.8,1701.86,1707.49,1693.26,,-0.34%
09/15/2022,1663.74,1696.06,1698.62,1660.04,,-1.89%
09/16/2022,1674.94,1664.27,1680.69,1653.85,,0.67%
09/19/2022,1675.78,1675.44,1680.16,1659.67,,0.05%
09/20/2022,1663.11,1675.47,1679.34,1659.6,,-0.76%
09/21/2022,1673.74,1663.67,1688.15,1654.15,,0.64%
09/22/2022,1670.53,1675.06,1685.49,1655.53,,-0.19%
09/23/2022,1643.09,1671.55,1676.59,1639.59,,-1.64%
09/26/2022,1621.57,1645.4,1650.02,1620.8,,-1.31%
09/27/2022,1628.8,1621.99,1642.94,1621.77,,0.45%
09/28/2022,1659.44,1629.26,1663.17,1614.35,,1.88%
09/29/2022,1660.29,1659.88,1665.12,1641.05,,0.05%
09/30/2022,1659.67,1661.13,1675.57,1658.93,,-0.04%
10/03/2022,1699.22,1661.3,1701.8,1659.1,,2.38%
10/04/2022,1726.24,1699.4,1729.73,1694.73,,1.59%
10/05/2022,1715.81,1726.42,1728.1,1700.15,,-0.6%
10/06/2022,1710.85,1716.06,1726.09,1706.53,,-0.29%
10/07/2022,1694.52,1711.1,1715.4,1690.35,,-0.95%
10/10/2022,1667.96,1696.8,1700.33,1665.3,,-1.57%
10/11/2022,1665.31,1668.4,1684.44,1660.45,,-0.16%
10/12/2022,1672.51,1666.49,1678.9,1660.95,,0.43%
10/13/2022,1665.8,1673.3,1682.84,1642.25,,-0.4%
10/14/2022,1641.76,1665.9,1672.02,1639.9,,-1.44%
10/17/2022,1649.94,1644.09,1668.69,1643.69,,0.5%
10/18/2022,1651.83,1650.49,1661.27,1645.61,,0.11%
10/19/2022,1628.49,1651.99,1654.9,1627.25,,-1.41%
10/20/2022,1627.66,1629.93,1645.83,1621.93,,-0.05%
10/21/2022,1656.66,1628.1,1659.08,1617.21,,1.78%
10/24/2022,1648.6,1658.19,1670.55,1643.64,,-0.49%
10/25/2022,1652.52,1649.7,1662.89,1637.82,,0.24%
10/26/2022,1664.49,1653.21,1675.12,1649.15,,0.72%
10/27/2022,1662.94,1664.5,1671.09,1654.81,,-0.09%
10/28/2022,1641.76,1663.3,1667.44,1637.39,,-1.27%
10/31/2022,1633.12,1643.69,1645.8,1631.77,,-0.53%
11/01/2022,1647.5,1633.4,1657.13,1630.93,,0.88%
11/02/2022,1634.89,1647.77,1669.6,1634.4,,-0.77%
11/03/2022,1629.15,1635.8,1641.32,1616.18,,-0.35%
11/04/2022,1680.27,1629.4,1682.17,1628.23,,3.14%
11/07/2022,1674.68,1681.3,1682.08,1666.44,,-0.33%
11/08/2022,1712.52,1674.75,1717.31,1664.32,,2.26%
11/09/2022,1706.32,1712.6,1722.94,1701.79,,-0.36%
11/10/2022,1754.75,1706.4,1757.59,1703.32,,2.84%
11/11/2022,1770.69,1754.92,1773.17,1746.85,,0.91%
11/14/2022,1771.8,1771.42,1775.36,1752.9,,0.06%
11/15/2022,1778.25,1771.88,1786.68,1766.56,,0.36%
11/16/2022,1773.77,1778.34,1785.49,1769.82,,-0.25%
11/17/2022,1760.87,1773.82,1775.2,1754.13,,-0.73%
11/18/2022,1749.74,1760.74,1767.98,1747.04,,-0.63%
11/21/2022,1737.81,1750.82,1753.52,1732.03,,-0.68%
11/22/2022,1740.24,1738.48,1749.98,1736.61,,0.14%
11/23/2022,1749.28,1740.3,1753.54,1728.25,,0.52%
11/24/2022,1754.96,1749.53,1759.08,1749.03,,0.32%
11/25/2022,1756.14,1756.48,1761.58,1745.46,,0.07%
11/28/2022,1740.75,1755,1764.08,1739.14,,-0.88%
11/29/2022,1749.73,1740.82,1759.33,1738.98,,0.52%
11/30/2022,1768.45,1749.82,1770.39,1744.41,,1.07%
12/01/2022,1802.89,1768.54,1804.32,1767.36,,1.95%
12/02/2022,1797.82,1803.15,1804.93,1778.26,,-0.28%
12/05/2022,1768.39,1797.92,1810.33,1765.32,,-1.64%
12/06/2022,1770.91,1768.67,1781.46,1765.72,,0.14%
12/07/2022,1786.22,1771.14,1790.92,1768.32,,0.86%
12/08/2022,1789.23,1786.29,1795.18,1780.96,,0.17%
12/09/2022,1796.63,1789.3,1806.45,1787.96,,0.41%
12/12/2022,1781.15,1797.35,1798,1777.22,,-0.86%
12/13/2022,1810.29,1781.21,1824.87,1779.81,,1.64%
12/14/2022,1807.27,1810.49,1814.19,1796.07,,-0.17%
12/15/2022,1776.66,1807.4,1809.09,1772,,-1.69%
12/16/2022,1792.34,1776.72,1794.69,1773.89,,0.88%
12/19/2022,1787.44,1793.13,1799.1,1783.48,,-0.27%
12/20/2022,1817.41,1787.49,1821.6,1784.21,,1.68%
12/21/2022,1814.13,1818.06,1824.39,1811.24,,-0.18%
12/22/2022,1792.57,1814.2,1821.1,1784.11,,-1.19%
12/23/2022,1797.91,1792.65,1803.6,1789.62,,0.3%
12/26/2022,1797.61,1798.57,1798.78,1798.04,,-0.02%
12/27/2022,1813.93,1796.67,1833.39,1796.2,,0.91%
12/28/2022,1804.09,1814,1815.18,1796.56,,-0.54%
12/29/2022,1814.89,1804.16,1820.52,1802.02,,0.6%
12/30/2022,1824.4,1815.14,1826.73,1809.84,,0.52%
01/02/2023,1823.69,1823.85,1823.94,1823.85,,-0.04%
01/03/2023,1839.49,1826.14,1850.69,1824.42,,0.87%
01/04/2023,1854.09,1839.51,1865.49,1835.92,,0.79%
01/05/2023,1833.19,1854.19,1859.36,1824.68,,-1.13%
01/06/2023,1865.71,1833.27,1870.37,1830.53,,1.77%
01/09/2023,1871.59,1865.45,1881.8,1864.59,,0.32%
01/10/2023,1877.27,1871.66,1881.04,1867.37,,0.3%
01/11/2023,1876.38,1877.3,1887.09,1866.75,,-0.05%
01/12/2023,1896.86,1876.43,1901.88,1873.64,,1.09%
01/13/2023,1920.21,1897.03,1922.24,1891.8,,1.23%
01/16/2023,1918,1920.39,1929.24,1910.74,,-0.12%
01/17/2023,1908.39,1917.81,1919.83,1903.51,,-0.5%
01/18/2023,1903.76,1908.46,1926.3,1896.56,,-0.24%
01/19/2023,1931.39,1903.83,1935.4,1900.48,,1.45%
01/20/2023,1926.57,1931.48,1937.72,1920.58,,-0.25%
01/23/2023,1931.3,1926.2,1935.69,1911.44,,0.25%
01/24/2023,1937.45,1931.35,1942.93,1916.82,,0.32%
01/25/2023,1945.93,1937.54,1948.12,1919.88,,0.44%
01/26/2023,1928.99,1946.09,1949.27,1918.74,,-0.87%
01/27/2023,1927.34,1929.4,1935.15,1916.65,,-0.09%
01/30/2023,1922.52,1928.4,1934.61,1920.58,,-0.25%
01/31/2023,1927.88,1922.82,1931.15,1900.74,,0.28%
02/01/2023,1950.42,1927.92,1954.63,1920.56,,1.17%
02/02/2023,1912.37,1950.54,1959.77,1911.33,,-1.95%
02/03/2023,1865.53,1912.57,1918.72,1861.41,,-2.45%
02/06/2023,1867.36,1865.17,1881.54,1860.39,,0.1%
02/07/2023,1873.81,1867.39,1884.45,1864.94,,0.35%
02/08/2023,1875.59,1874.05,1886.28,1867.4,,0.09%
02/09/2023,1861.39,1875.64,1890.69,1858.89,,-0.76%
02/10/2023,1864.67,1861.68,1872.31,1852.69,,0.18%
02/13/2023,1853.39,1865.69,1866.83,1850.42,,-0.6%
02/14/2023,1854.29,1853.67,1871.03,1843.2,,0.05%
02/15/2023,1836.19,1854.35,1860.18,1830.2,,-0.98%
02/16/2023,1837.44,1836.56,1845.45,1827.18,,0.07%
02/17/2023,1841.59,1837.52,1843.77,1818.34,,0.23%
02/20/2023,1841.14,1842.73,1847.86,1837.09,,-0.02%
02/21/2023,1834.32,1841.71,1844.44,1829.7,,-0.37%
02/22/2023,1825.04,1834.71,1846.26,1823.05,,-0.51%
02/23/2023,1822.64,1825.12,1834.43,1817.55,,-0.13%
02/24/2023,1810.81,1822.74,1827.98,1808.91,,-0.65%
02/27/2023,1817.31,1812.01,1820.22,1806.68,,0.36%
02/28/2023,1827.15,1817.38,1831.27,1804.65,,0.54%
03/01/2023,1836.81,1827.24,1845.05,1823.05,,0.53%
03/02/2023,1836,1837.2,1838.94,1829.44,,-0.04%
03/03/2023,1854.97,1836.1,1856.47,1834.51,,1.03%
03/06/2023,1846.85,1855.35,1858.84,1845.08,,-0.44%
03/07/2023,1813.52,1846.92,1852.26,1812.72,,-1.8%
03/08/2023,1813.59,1813.61,1824.38,1809.4,,0%
03/09/2023,1830.89,1813.65,1835.56,1811.84,,0.95%
03/10/2023,1867.83,1830.96,1870.28,1827.71,,2.02%
03/13/2023,1913.23,1869.01,1914.79,1869.01,,2.43%
03/14/2023,1902.12,1913.19,1914.52,1895.17,,-0.58%
03/15/2023,1918.1,1903.91,1937.46,1885.78,,0.84%
03/16/2023,1919.12,1920.54,1934.12,1907.55,,0.05%
03/17/2023,1987.93,1920,1989.8,1918.33,,3.59%
03/20/2023,1978.71,1987.59,2010.19,1965.77,,-0.46%
03/21/2023,1940.15,1979.17,1985.3,1935.41,,-1.95%
03/22/2023,1969.58,1940.44,1978.93,1934.33,,1.52%
03/23/2023,1993.5,1967.91,2003.43,1964.39,,1.21%
03/24/2023,1977.22,1993.99,2003.19,1975.18,,-0.82%
03/27/2023,1956.56,1977.66,1979.89,1943.68,,-1.04%
03/28/2023,1973.69,1957.23,1975.45,1948.66,,0.88%
03/29/2023,1964.04,1972.82,1974.64,1958.62,,-0.49%
03/30/2023,1980.25,1962.58,1984.4,1955.44,,0.83%
03/31/2023,1967.9,1978.62,1987.84,1966.89,,-0.62%
04/03/2023,1984.11,1970.84,1990.64,1949.82,,0.82%
04/04/2023,2019.97,1984.59,2025.19,1977.01,,1.81%
04/05/2023,2020.35,2020.44,2032.2,2009.99,,0.02%
04/06/2023,2008.02,2020.13,2021.63,2000.88,,-0.61%
04/10/2023,1989.95,2008.3,2011.17,1981.59,,-0.9%
04/11/2023,2003.14,1990.36,2007.58,1988.72,,0.66%
04/12/2023,2014.67,2003.67,2028.4,2001.18,,0.58%
04/13/2023,2039.73,2014,2048.84,2012.45,,1.24%
04/14/2023,2003.04,2040.4,2047.6,1992.41,,-1.8%
04/17/2023,1994.77,2001.85,2015.13,1981.34,,-0.41%
04/18/2023,2004.93,1995.19,2011.98,1991.33,,0.51%
04/19/2023,1993.26,2007.49,2008.33,1969.28,,-0.58%
04/20/2023,2004.34,1993.58,2012.74,1990.49,,0.56%
04/21/2023,1982.89,2004.29,2005.75,1971.65,,-1.07%
04/24/2023,1988.88,1981.34,1990.97,1974.19,,0.3%
04/25/2023,1997.87,1991.45,2003.9,1976.14,,0.45%
04/26/2023,1989.48,2000.63,2009.51,1983.43,,-0.42%
04/27/2023,1987.87,1987.58,2003.45,1973.8,,-0.08%
04/28/2023,1989.65,1986.75,1995.13,1976.08,,0.09%
05/01/2023,1982.05,1991.34,2006.05,1977.05,,-0.38%
05/02/2023,2016.28,1982.81,2019.54,1978.38,,1.73%
05/03/2023,2039.02,2014.8,2040.69,2007.96,,1.13%
05/04/2023,2051.11,2036.86,2073.29,2030.34,,0.59%
05/05/2023,2016.54,2051.73,2053.13,1999.3,,-1.69%
05/08/2023,2021.39,2015.95,2029.63,2014.1,,0.24%
05/09/2023,2034.17,2022.24,2037.7,2019.5,,0.63%
05/10/2023,2029.51,2034.19,2048.22,2021.57,,-0.23%
05/11/2023,2015.55,2030.56,2041.44,2011.19,,-0.69%
05/12/2023,2011.15,2015.19,2022.56,2001.05,,-0.22%
05/15/2023,2020.6,2011.72,2022.2,2007.28,,0.47%
05/16/2023,1988.6,2015.9,2018.94,1985.47,,-1.58%
05/17/2023,1981.72,1988.94,1993.13,1974.8,,-0.35%
05/18/2023,1958.05,1981.52,1986.12,1951.97,,-1.19%
05/19/2023,1976.56,1957.4,1984.09,1954.05,,0.94%
05/22/2023,1969.43,1977.8,1982.66,1968.4,,-0.36%
05/23/2023,1974.73,1971.99,1977.8,1954.29,,0.27%
05/24/2023,1957.01,1975.19,1985.3,1956.51,,-0.9%
05/25/2023,1940.34,1958.13,1964.95,1938.86,,-0.85%
05/26/2023,1946.33,1940.69,1957.4,1936.84,,0.31%
05/29/2023,1942.84,1944.09,1949.75,1940.3,,-0.18%
05/30/2023,1959.14,1944.19,1963.63,1932.08,,0.84%
05/31/2023,1962.3,1959.3,1975.34,1953.67,,0.16%
06/01/2023,1977.88,1962.8,1983.27,1953.43,,0.79%
06/02/2023,1947.63,1978.14,1983.52,1947.67,,-1.53%
06/05/2023,1961.76,1947.59,1964.13,1938.14,,0.73%
06/06/2023,1962.85,1962.11,1966.85,1954,,0.06%
06/07/2023,1939.63,1963.59,1970.26,1939.8,,-1.18%
06/08/2023,1967.76,1940.59,1970.5,1939.81,,1.45%
06/09/2023,1960.6,1968.1,1973.09,1956.73,,-0.36%
06/12/2023,1956.92,1960.25,1967.55,1948.8,,-0.19%
06/13/2023,1943.33,1957.69,1970.74,1939.99,,-0.69%
06/14/2023,1942.99,1943.49,1960.41,1939.73,,-0.02%
06/15/2023,1957.65,1943.44,1960.34,1925.3,,0.75%
06/16/2023,1957.36,1957.68,1968,1953.42,,-0.01%
06/19/2023,1950.12,1957.99,1958.93,1947.8,,-0.37%
06/20/2023,1935.91,1950.9,1956.87,1929.77,,-0.73%
06/21/2023,1932.26,1935.42,1939.55,1919.34,,-0.19%
06/22/2023,1913.52,1932.09,1935,1912.34,,-0.97%
06/23/2023,1921.36,1913.8,1937.1,1910.24,,0.41%
06/26/2023,1922.85,1924.3,1933.48,1921.59,,0.08%
06/27/2023,1913.35,1923.21,1930.85,1911.19,,-0.49%
06/28/2023,1907.42,1913.59,1917.24,1902.84,,-0.31%
06/29/2023,1908.15,1908.8,1913.15,1893.01,,0.04%
06/30/2023,1919.57,1908.53,1922.9,1900.56,,0.6%
07/03/2023,1921.43,1919.4,1931.09,1910.1,,0.1%
07/04/2023,1925.09,1921.78,1930.84,1919.9,,0.19%
07/05/2023,1917.32,1925.9,1935.17,1914.48,,-0.4%
07/06/2023,1910.8,1916.05,1927.69,1902.68,,-0.34%
07/07/2023,1924.28,1911.07,1934.92,1909.56,,0.71%
07/10/2023,1924.99,1925.19,1928.31,1912.68,,0.04%
07/11/2023,1931.99,1925.4,1938.69,1924.4,,0.36%
07/12/2023,1957.09,1932.59,1959.82,1932.18,,1.3%
07/13/2023,1960.19,1957.44,1963.69,1952.71,,0.16%
07/14/2023,1954.93,1961.58,1963.81,1951,,-0.27%
07/17/2023,1954.74,1954.9,1959.91,1945.82,,-0.01%
07/18/2023,1978.71,1954.59,1984.39,1954.44,,1.23%
07/19/2023,1977.25,1978.97,1981.05,1969.75,,-0.07%
07/20/2023,1969.62,1976.8,1987.59,1965.4,,-0.39%
07/21/2023,1960.23,1969.99,1973.89,1956.82,,-0.48%
07/24/2023,1954.51,1962.09,1967.97,1953.42,,-0.29%
07/25/2023,1964.58,1955.2,1966.03,1953.21,,0.52%
07/26/2023,1972.1,1964.99,1978.31,1961.99,,0.38%
07/27/2023,1944.99,1972.08,1982.24,1942.61,,-1.38%
07/28/2023,1959.2,1944.27,1963.71,1944.27,,0.73%
07/31/2023,1964.19,1959.49,1972.44,1951,,0.25%
08/01/2023,1944.08,1965.1,1966.24,1941.2,,-1.02%
08/02/2023,1933.56,1945.74,1955.4,1933,,-0.54%
08/03/2023,1933.74,1934.66,1939.03,1929.55,,0.01%
08/04/2023,1941.62,1934.12,1947.19,1929.75,,0.41%
08/07/2023,1936.39,1942.59,1946.81,1931.53,,-0.27%
08/08/2023,1924.82,1936.76,1938.15,1922.5,,-0.6%
08/09/2023,1914.59,1925.16,1932.48,1914.05,,-0.53%
08/10/2023,1912.06,1914.94,1930.11,1911.73,,-0.13%
08/11/2023,1913.32,1912.65,1921.15,1910.94,,0.07%
08/14/2023,1907.9,1913.67,1916.55,1902.2,,-0.28%
08/15/2023,1901.56,1907.4,1912.19,1896.15,,-0.33%
08/16/2023,1891.76,1901.59,1907.9,1891.3,,-0.52%
08/17/2023,1888.89,1892.2,1903.9,1884.5,,-0.15%
08/18/2023,1888.19,1889.49,1897.44,1886.2,,-0.04%
08/21/2023,1893.94,1889.4,1899.05,1884.5,,0.3%
08/22/2023,1897.47,1895.09,1905.05,1888.6,,0.19%
08/23/2023,1914.31,1897.8,1920.94,1897.23,,0.89%
08/24/2023,1917.43,1914.15,1923.94,1911.35,,0.16%
08/25/2023,1914.53,1917.8,1923.09,1903.4,,-0.15%
08/28/2023,1919.66,1916.09,1926.19,1912.83,,0.27%
08/29/2023,1937.12,1920.23,1938.41,1914,,0.91%
08/30/2023,1942.24,1937.48,1949.04,1934.94,,0.26%
08/31/2023,1939.74,1942.61,1948.19,1938.86,,-0.13%
09/01/2023,1938.8,1940.19,1953.44,1934.59,,-0.05%
09/04/2023,1938.19,1940.49,1946.42,1936.15,,-0.03%
09/05/2023,1925.81,1938.59,1939.13,1925.22,,-0.64%
09/06/2023,1916.28,1926.16,1929.8,1914.8,,-0.5%
09/07/2023,1919.19,1916.86,1923.67,1916.1,,0.15%
09/08/2023,1917.81,1919.57,1930.19,1917.36,,-0.07%
09/11/2023,1921.66,1919.16,1930.9,1916.9,,0.2%
09/12/2023,1913.26,1922.9,1925.05,1907.15,,-0.44%
09/13/2023,1906.3,1913.55,1916.3,1905.5,,-0.36%
09/14/2023,1910.32,1906.68,1912.99,1900.95,,0.21%
09/15/2023,1923.57,1910.9,1930.84,1909.74,,0.69%
09/18/2023,1933.14,1924.19,1934.61,1922.15,,0.5%
09/19/2023,1930.94,1933.68,1937.94,1929.71,,-0.11%
09/20/2023,1929.68,1931.69,1947.8,1927.9,,-0.07%
09/21/2023,1919.57,1930.99,1931.74,1913.4,,-0.52%
09/22/2023,1924.99,1920.08,1929.65,1919.58,,0.28%
09/25/2023,1915.66,1925.24,1927.26,1915,,-0.48%
09/26/2023,1900.49,1916.03,1916.89,1899.17,,-0.79%
09/27/2023,1874.7,1900.69,1903.95,1872.47,,-1.36%
09/28/2023,1864.56,1875.73,1880.15,1857.76,,-0.54%
09/29/2023,1848.31,1865.43,1880.24,1846.34,,-0.87%
10/02/2023,1827.4,1848.13,1849.06,1826.6,,-1.13%
10/03/2023,1822.81,1827.96,1833.36,1814.7,,-0.25%
10/04/2023,1821.08,1824.3,1831.05,1816.15,,-0.1%
10/05/2023,1820.01,1820.49,1829.3,1812.7,,-0.06%
10/06/2023,1832.26,1820.4,1834.97,1810.1,,0.67%
10/09/2023,1860.88,1832.74,1864.15,1832.63,,1.56%
10/10/2023,1860.09,1861.27,1865.65,1852.65,,-0.04%
10/11/2023,1873.61,1859.99,1877.22,1858.6,,0.73%
10/12/2023,1868.65,1874.1,1885.3,1866.92,,-0.26%
10/13/2023,1931.7,1869.02,1933.76,1868.94,,3.37%
10/16/2023,1919.44,1929.3,1931.8,1907.65,,-0.63%
10/17/2023,1923.07,1920.14,1931.56,1911.85,,0.19%
10/18/2023,1947.69,1923.7,1962.74,1923.05,,1.28%
10/19/2023,1973.7,1947.99,1977.86,1945.18,,1.34%
10/20/2023,1981.04,1974.31,1997.27,1971.93,,0.37%
10/23/2023,1972.59,1972.9,1983.4,1964.36,,-0.43%
10/24/2023,1970.11,1972.97,1980.99,1953.5,,-0.13%
10/25/2023,1979.62,1971.36,1987.19,1963.34,,0.48%
10/26/2023,1984.82,1979.97,1994.05,1971.6,,0.26%
10/27/2023,2005.78,1985.17,2009.48,1976.35,,1.06%
10/30/2023,1995.88,2004.8,2007.37,1990.5,,-0.49%
10/31/2023,1982.7,1996,2007.8,1978.9,,-0.66%
11/01/2023,1982.15,1983.01,1992.09,1969.9,,-0.03%
11/02/2023,1985.51,1983.53,1991.49,1978.9,,0.17%
11/03/2023,1992.27,1985.69,2004.06,1983.26,,0.34%
11/06/2023,1977.68,1992.3,1993.3,1977.52,,-0.73%
11/07/2023,1968.4,1978.19,1978.75,1956.2,,-0.47%
11/08/2023,1949.79,1968.84,1971.12,1947.48,,-0.95%
11/09/2023,1958.19,1950.09,1965.69,1944.3,,0.43%
11/10/2023,1936.79,1958.4,1960.93,1933.18,,-1.09%
11/13/2023,1945.89,1937.05,1949.27,1931.73,,0.47%
11/14/2023,1962.67,1946.19,1970.84,1943.4,,0.86%
11/15/2023,1959.09,1963.05,1975.59,1955.41,,-0.18%
11/16/2023,1980.85,1959.44,1988.03,1956.49,,1.11%
11/17/2023,1980.01,1981.21,1993.94,1978.59,,-0.04%
11/20/2023,1977.19,1980.39,1985.26,1965.2,,-0.14%
11/21/2023,1998.37,1977.49,2007.52,1977.34,,1.07%
11/22/2023,1989.72,1998.69,2006.9,1986.89,,-0.43%
11/23/2023,1991.79,1990.15,1999.19,1989.01,,0.1%
11/24/2023,2001.97,1994.06,2003.68,1991.4,,0.51%
11/27/2023,2013.64,2002.78,2018.14,2000.67,,0.58%
11/28/2023,2040.89,2013.94,2043,2011.6,,1.35%
11/29/2023,2044.59,2041.24,2052.09,2035.05,,0.18%
11/30/2023,2035.75,2044.8,2047.59,2031.84,,-0.43%
12/01/2023,2070.9,2034.49,2075.34,2033.75,,1.73%
12/04/2023,2029.74,2071.25,2135.9,2020.34,,-1.99%
12/05/2023,2019.42,2030.15,2041.33,2010.02,,-0.51%
12/06/2023,2024.9,2019.74,2036.3,2017.27,,0.27%
12/07/2023,2028.34,2025.3,2039.93,2020.26,,0.17%
12/08/2023,2003.39,2028.69,2034.19,1994.74,,-1.23%
12/11/2023,1981.3,2003.6,2008.72,1975.95,,-1.1%
12/12/2023,1979.44,1981.59,1996.8,1977.19,,-0.09%
12/13/2023,2026.39,1979.74,2027.55,1973.09,,2.37%
12/14/2023,2035.53,2026.59,2047.98,2024.33,,0.45%
12/15/2023,2018.19,2035.8,2045.55,2015.68,,-0.85%
12/18/2023,2027,2020.09,2033.71,2015.99,,0.44%
12/19/2023,2040.12,2027.3,2047.07,2021.74,,0.65%
12/20/2023,2029.19,2040.34,2043.94,2029.37,,-0.54%
12/21/2023,2045.49,2029.44,2046.07,2029.44,,0.8%
12/22/2023,2052.98,2045.84,2070.65,2045.65,,0.37%
12/25/2023,2054.93,2054.32,2058.36,2053.96,,0.1%
12/26/2023,2066.6,2055.73,2068.65,2053.59,,0.57%
12/27/2023,2077.16,2066.7,2084.59,2061,,0.51%
12/28/2023,2064.86,2077.34,2088.54,2065.89,,-0.59%
12/29/2023,2062.59,2065.15,2075.15,2057.75,,-0.11%
01/01/2024,2063.8,2064.24,2074.9,2063.3,,0.06%
